routeId,passengerLineId,passengerLineName,artifactName,mode,operatorId,stationEntries,missingCoordinates,geometryStatus,geometryReady,candidateSegments,twoPointSegments,sourceStatus,sourceLicenseStatus,serviceValidationStatus,gameValidationStatus,releaseStatus,visible
kr-metro-1,kr-passenger-metro-1,수도권 전철 1호선,수도권 전철 1호선 (연천~청량리),subway,kr-capital-pending,28,0,missing,false,0,0,secondary-unverified,unverified,unverified,not-run,data-review,true
kr-metro-1-section-2,kr-passenger-metro-1,수도권 전철 1호선,수도권 전철 1호선 (서울~청량리),subway,kr-capital-pending,10,0,missing,false,0,0,secondary-unverified,unverified,unverified,not-run,data-review,true
kr-metro-1-section-3,kr-passenger-metro-1,수도권 전철 1호선,수도권 전철 1호선 (서울~천안),subway,kr-capital-pending,37,0,missing,false,0,0,secondary-unverified,unverified,unverified,not-run,data-review,true
kr-metro-1-section-4,kr-passenger-metro-1,수도권 전철 1호선,수도권 전철 1호선 (구로~인천),subway,kr-capital-pending,21,0,missing,false,0,0,secondary-unverified,unverified,unverified,not-run,data-review,true
kr-metro-1-section-5,kr-passenger-metro-1,수도권 전철 1호선,수도권 전철 1호선 (천안~신창),subway,kr-capital-pending,8,0,missing,false,0,0,secondary-unverified,unverified,unverified,not-run,data-review,true
kr-metro-2,kr-passenger-metro-2,서울 지하철 2호선,서울 지하철 2호선 (시청~시청),subway,kr-seoul-metro,44,0,missing,false,0,0,secondary-unverified,unverified,unverified,not-run,data-review,true
kr-metro-2-section-2,kr-passenger-metro-2,서울 지하철 2호선,서울 지하철 2호선 (성수~신설동),subway,kr-seoul-metro,5,0,missing,false,0,0,secondary-unverified,unverified,unverified,not-run,data-review,true
kr-metro-2-section-3,kr-passenger-metro-2,서울 지하철 2호선,서울 지하철 2호선 (신도림~까치산),subway,kr-seoul-metro,5,0,missing,false,0,0,secondary-unverified,unverified,unverified,not-run,data-review,true
kr-metro-3,kr-passenger-metro-3,수도권 전철 3호선,수도권 전철 3호선,subway,kr-capital-pending,44,0,missing,false,0,0,secondary-unverified,unverified,unverified,not-run,data-review,true
kr-metro-4,kr-passenger-metro-4,수도권 전철 4호선,수도권 전철 4호선 (당고개~진접),subway,kr-capital-pending,4,0,missing,false,0,0,secondary-unverified,unverified,unverified,not-run,data-review,true
kr-metro-4-section-2,kr-passenger-metro-4,수도권 전철 4호선,수도권 전철 4호선 (당고개~오이도),subway,kr-capital-pending,48,0,missing,false,0,0,secondary-unverified,unverified,unverified,not-run,data-review,true
kr-metro-5,kr-passenger-metro-5,수도권 전철 5호선,수도권 전철 5호선 (방화~상일동),subway,kr-seoul-metro,44,0,missing,false,0,0,secondary-unverified,unverified,unverified,not-run,data-review,true
kr-metro-5-section-2,kr-passenger-metro-5,수도권 전철 5호선,수도권 전철 5호선 (강동~마천),subway,kr-seoul-metro,8,0,missing,false,0,0,secondary-unverified,unverified,unverified,not-run,data-review,true
kr-metro-5-section-3,kr-passenger-metro-5,수도권 전철 5호선,수도권 전철 5호선 (상일동~하남검단산),subway,kr-seoul-metro,6,0,missing,false,0,0,secondary-unverified,unverified,unverified,not-run,data-review,true
kr-metro-6,kr-passenger-metro-6,서울 지하철 6호선,서울 지하철 6호선 (응암~신내),subway,kr-seoul-metro,34,0,missing,false,0,0,secondary-unverified,unverified,unverified,not-run,data-review,true
kr-metro-6-section-2,kr-passenger-metro-6,서울 지하철 6호선,서울 지하철 6호선 (응암~응암),subway,kr-seoul-metro,7,0,missing,false,0,0,secondary-unverified,unverified,unverified,not-run,data-review,true
kr-metro-7,kr-passenger-metro-7,서울 지하철 7호선,서울 지하철 7호선,subway,kr-seoul-metro,53,0,missing,false,0,0,secondary-unverified,unverified,unverified,not-run,data-review,true
kr-metro-8,kr-passenger-metro-8,서울 지하철 8호선,서울 지하철 8호선,subway,kr-seoul-metro,24,6,missing,false,0,0,partly-official-verified,unverified,unverified,not-run,data-review,true
kr-metro-9,kr-passenger-metro-9,서울 지하철 9호선,서울 지하철 9호선,subway,kr-seoul-line9,38,0,missing,false,0,0,secondary-unverified,unverified,unverified,not-run,data-review,true
kr-metro-10,kr-passenger-metro-10,인천 도시철도 1호선,인천 도시철도 1호선,subway,kr-incheon-transit,33,3,missing,false,0,0,secondary-unverified,unverified,unverified,not-run,data-review,true
kr-metro-11,kr-passenger-metro-11,인천 도시철도 2호선,인천 도시철도 2호선,subway,kr-incheon-transit,27,0,missing,false,0,0,secondary-unverified,unverified,unverified,not-run,data-review,true
kr-metro-12,kr-passenger-metro-12,수도권 전철 경강선,수도권 전철 경강선,commuter_rail,kr-korail,12,0,missing,false,0,0,secondary-unverified,unverified,unverified,not-run,data-review,true
kr-metro-13,kr-passenger-metro-13,수도권 전철 경의중앙선,수도권 전철 경의중앙선 (임진강~서울),commuter_rail,kr-korail,24,0,missing,false,0,0,secondary-unverified,unverified,unverified,not-run,data-review,true
kr-metro-13-section-2,kr-passenger-metro-13,수도권 전철 경의중앙선,수도권 전철 경의중앙선 (가좌~지평),commuter_rail,kr-korail,34,0,missing,false,0,0,secondary-unverified,unverified,unverified,not-run,data-review,true
kr-metro-14,kr-passenger-metro-14,수도권 전철 경춘선,수도권 전철 경춘선 (청량리~상봉),commuter_rail,kr-korail,4,0,missing,false,0,0,secondary-unverified,unverified,unverified,not-run,data-review,true
kr-metro-14-section-2,kr-passenger-metro-14,수도권 전철 경춘선,수도권 전철 경춘선 (광운대~춘천),commuter_rail,kr-korail,22,0,missing,false,0,0,secondary-unverified,unverified,unverified,not-run,data-review,true
kr-metro-15,kr-passenger-metro-15,인천국제공항철도,인천국제공항철도,commuter_rail,kr-arex,14,0,missing,false,0,0,secondary-unverified,unverified,unverified,not-run,data-review,true
kr-metro-16,kr-passenger-metro-16,수도권 전철 서해선,수도권 전철 서해선 (대곡~원시),commuter_rail,kr-korail,17,0,missing,false,0,0,secondary-unverified,unverified,unverified,not-run,data-review,true
kr-metro-16-section-2,kr-passenger-metro-16,수도권 전철 서해선,수도권 전철 서해선 (일산~대곡),commuter_rail,kr-korail,5,0,missing,false,0,0,secondary-unverified,unverified,unverified,not-run,data-review,true
kr-metro-17,kr-passenger-metro-17,수도권 전철 수인·분당선,수도권 전철 수인·분당선,commuter_rail,kr-korail,63,0,missing,false,0,0,secondary-unverified,unverified,unverified,not-run,data-review,true
kr-metro-18,kr-passenger-metro-18,수도권 전철 신분당선,수도권 전철 신분당선,commuter_rail,kr-shinbundang,16,0,missing,false,0,0,secondary-unverified,unverified,unverified,not-run,data-review,true
kr-metro-19,kr-passenger-metro-19,서울 경전철 신림선,서울 경전철 신림선,subway,kr-seoul-metro,11,0,quarantined,false,20,2,secondary-unverified,unverified,unverified,not-run,quarantined-geometry,true
kr-metro-20,kr-passenger-metro-20,서울 경전철 우이신설선,서울 경전철 우이신설선,subway,kr-seoul-metro,13,0,missing,false,0,0,secondary-unverified,unverified,unverified,not-run,data-review,true
kr-metro-21,kr-passenger-metro-21,김포 골드라인,김포 골드라인,subway,kr-gimpo-goldline,10,0,quarantined,false,18,0,secondary-unverified,unverified,unverified,not-run,quarantined-geometry,true
kr-metro-22,kr-passenger-metro-22,용인 경전철(용인 에버라인),용인 경전철(용인 에버라인),subway,kr-capital-pending,15,0,quarantined,false,28,0,secondary-unverified,unverified,unverified,not-run,quarantined-geometry,true
kr-metro-23,kr-passenger-metro-23,의정부 경전철,의정부 경전철,subway,kr-capital-pending,15,0,quarantined,false,28,4,secondary-unverified,unverified,unverified,not-run,quarantined-geometry,true
kr-metro-24,kr-passenger-gtx-a,수도권 광역급행철도 A노선,수도권 광역급행철도 A노선,commuter_rail,kr-capital-pending,4,0,missing,false,0,0,secondary-unverified,unverified,unverified,not-run,data-review,true
kr-regional-busan-1,kr-passenger-regional-busan-1,부산 도시철도 1호선,부산 도시철도 1호선,subway,kr-busan-transit,40,40,missing,false,0,0,official-station-sequence-no-coordinates,unverified,unverified,not-run,data-review,true
kr-regional-busan-2,kr-passenger-regional-busan-2,부산 도시철도 2호선,부산 도시철도 2호선,subway,kr-busan-transit,43,43,missing,false,0,0,official-station-sequence-no-coordinates,unverified,unverified,not-run,data-review,true
kr-regional-busan-3,kr-passenger-regional-busan-3,부산 도시철도 3호선,부산 도시철도 3호선,subway,kr-busan-transit,17,17,missing,false,0,0,official-station-sequence-no-coordinates,unverified,unverified,not-run,data-review,true
kr-regional-busan-4,kr-passenger-regional-busan-4,부산 도시철도 4호선,부산 도시철도 4호선,subway,kr-busan-transit,14,14,missing,false,0,0,official-station-sequence-no-coordinates,unverified,unverified,not-run,data-review,true
kr-regional-busan-5,kr-passenger-regional-busan-5,부산김해경전철,부산김해경전철,subway,kr-busan-gimhae,21,21,missing,false,0,0,official-station-sequence-no-coordinates,unverified,unverified,not-run,data-review,true
kr-regional-busan-6,kr-passenger-regional-busan-6,동해선 광역전철,동해선 광역전철,commuter_rail,kr-korail,23,23,missing,false,0,0,official-station-sequence-no-coordinates,unverified,unverified,not-run,data-review,true
kr-regional-daegu-7,kr-passenger-regional-daegu-7,대구 도시철도 1호선,대구 도시철도 1호선,subway,kr-daegu-transit,35,35,missing,false,0,0,official-station-sequence-no-coordinates,unverified,unverified,not-run,data-review,true
kr-regional-daegu-8,kr-passenger-regional-daegu-8,대구 도시철도 2호선,대구 도시철도 2호선,subway,kr-daegu-transit,29,29,missing,false,0,0,official-station-sequence-no-coordinates,unverified,unverified,not-run,data-review,true
kr-regional-daegu-9,kr-passenger-regional-daegu-9,대구 도시철도 3호선,대구 도시철도 3호선,subway,kr-daegu-transit,30,30,missing,false,0,0,official-station-sequence-no-coordinates,unverified,unverified,not-run,data-review,true
kr-regional-daegu-10,kr-passenger-regional-daegu-10,대경선,대경선,commuter_rail,kr-korail,8,8,missing,false,0,0,official-station-sequence-no-coordinates,unverified,unverified,not-run,data-review,true
kr-regional-gwangju-11,kr-passenger-regional-gwangju-11,광주 도시철도 1호선,광주 도시철도 1호선,subway,kr-gwangju-operator,20,20,missing,false,0,0,official-station-sequence-no-coordinates,unverified,unverified,not-run,data-review,true
kr-regional-daejeon-12,kr-passenger-regional-daejeon-12,대전 도시철도 1호선,대전 도시철도 1호선,subway,kr-daejeon-operator,22,22,missing,false,0,0,official-station-sequence-no-coordinates,unverified,unverified,not-run,data-review,true
kr-hangang-west,kr-passenger-hangang-bus,한강버스,한강버스 서부노선,river_bus,kr-hangang-bus,3,3,missing,false,0,0,,unverified,unverified,not-run,data-review,true
kr-hangang-east,kr-passenger-hangang-bus,한강버스,한강버스 동부노선,river_bus,kr-hangang-bus,5,5,missing,false,0,0,,unverified,unverified,not-run,data-review,true
kr-korail-ktx-gyeongbu-corridor,kr-passenger-korail-ktx-gyeongbu-corridor,KTX 경부축,KTX 경부축 (서울~부산),high_speed_rail,kr-korail,9,9,missing,false,0,0,review-required,unverified,unverified,not-run,data-review,false
kr-korail-itx-cheongchun-corridor,kr-passenger-korail-itx-cheongchun-corridor,ITX-청춘 경춘축,ITX-청춘 경춘축 (용산~춘천),rail,kr-korail,7,7,missing,false,0,0,review-required,unverified,unverified,not-run,data-review,false
kr-gtx-a-north,kr-passenger-gtx-a,수도권 광역급행철도 A노선,GTX-A 운정중앙~서울역,commuter_rail,kr-gtx-a-operations,5,5,missing,false,0,0,official-operating-section-verified-coordinates-pending,unverified,unverified,not-run,data-review,true
kr-korail-gyooe-mugunghwa,kr-passenger-korail-gyooe-mugunghwa,교외선 무궁화호,교외선 무궁화호 (대곡~의정부),rail,kr-korail,6,6,missing,false,0,0,2025-official-service-pattern,unverified,unverified,not-run,data-review,false
kr-korail-ktx-eum-jungang,kr-passenger-korail-ktx-eum-jungang,KTX-이음 중앙선,KTX-이음 중앙선 (청량리~부전),high_speed_rail,kr-korail,13,13,missing,false,0,0,official-corridor-stops-unverified,unverified,unverified,not-run,data-review,false
kr-korail-ktx-eum-donghae,kr-passenger-korail-ktx-eum-donghae,KTX-이음 동해선,KTX-이음 동해선 (강릉~부전),high_speed_rail,kr-korail,11,11,missing,false,0,0,official-corridor-stops-unverified,unverified,unverified,not-run,data-review,false
kr-korail-ktx-eum-jungbunaeryuk,kr-passenger-korail-ktx-eum-jungbunaeryuk,KTX-이음 중부내륙선,KTX-이음 중부내륙선 (판교~문경),high_speed_rail,kr-korail,10,10,missing,false,0,0,official-corridor-stops-unverified,unverified,unverified,not-run,data-review,false
kr-korail-ktx-honam,kr-passenger-korail-ktx-honam,KTX 호남선,KTX 호남선,high_speed_rail,kr-korail,10,10,missing,false,0,0,unverified-station-pattern,unverified,unverified,not-run,data-review,false
kr-korail-ktx-jeolla,kr-passenger-korail-ktx-jeolla,KTX 전라선,KTX 전라선,high_speed_rail,kr-korail,13,13,missing,false,0,0,unverified-station-pattern,unverified,unverified,not-run,data-review,false
kr-korail-ktx-gyeongjeon,kr-passenger-korail-ktx-gyeongjeon,KTX 경전선,KTX 경전선,high_speed_rail,kr-korail,12,12,missing,false,0,0,unverified-station-pattern,unverified,unverified,not-run,data-review,false
kr-korail-ktx-donghae-pohang,kr-passenger-korail-ktx-donghae-pohang,KTX 동해선 포항 계통,KTX 동해선 포항 계통,high_speed_rail,kr-korail,7,7,missing,false,0,0,unverified-station-pattern,unverified,unverified,not-run,data-review,false
kr-korail-ktx-gangneung,kr-passenger-korail-ktx-gangneung,KTX 강릉선,KTX 강릉선,high_speed_rail,kr-korail,10,10,missing,false,0,0,unverified-station-pattern,unverified,unverified,not-run,data-review,false
kr-korail-ktx-donghae-east,kr-passenger-korail-ktx-donghae-east,KTX 강릉선 동해 계통,KTX 강릉선 동해 계통,high_speed_rail,kr-korail,12,12,missing,false,0,0,unverified-station-pattern,unverified,unverified,not-run,data-review,false
kr-korail-rail-gyeongbu,kr-passenger-korail-rail-gyeongbu,경부선 일반열차,경부선 일반열차,rail,kr-korail,16,16,missing,false,0,0,unverified-station-pattern,unverified,unverified,not-run,data-review,false
kr-korail-rail-honam,kr-passenger-korail-rail-honam,호남선 일반열차,호남선 일반열차,rail,kr-korail,15,15,missing,false,0,0,unverified-station-pattern,unverified,unverified,not-run,data-review,false
kr-korail-rail-jeolla,kr-passenger-korail-rail-jeolla,전라선 일반열차,전라선 일반열차,rail,kr-korail,11,11,missing,false,0,0,unverified-station-pattern,unverified,unverified,not-run,data-review,false
kr-korail-rail-janghang,kr-passenger-korail-rail-janghang,장항선 일반열차,장항선 일반열차,rail,kr-korail,15,15,missing,false,0,0,unverified-station-pattern,unverified,unverified,not-run,data-review,false
kr-korail-rail-chungbuk,kr-passenger-korail-rail-chungbuk,충북선 일반열차,충북선 일반열차,rail,kr-korail,11,11,missing,false,0,0,unverified-station-pattern,unverified,unverified,not-run,data-review,false
kr-korail-rail-jungang,kr-passenger-korail-rail-jungang,중앙선 일반열차,중앙선 일반열차,rail,kr-korail,15,15,missing,false,0,0,unverified-station-pattern,unverified,unverified,not-run,data-review,false
kr-korail-rail-taebaek,kr-passenger-korail-rail-taebaek,태백선 일반열차,태백선 일반열차,rail,kr-korail,11,11,missing,false,0,0,unverified-station-pattern,unverified,unverified,not-run,data-review,false
kr-korail-rail-yeongdong,kr-passenger-korail-rail-yeongdong,영동선 일반열차,영동선 일반열차,rail,kr-korail,12,12,missing,false,0,0,unverified-station-pattern,unverified,unverified,not-run,data-review,false
kr-korail-rail-gyeongjeon,kr-passenger-korail-rail-gyeongjeon,경전선 일반열차,경전선 일반열차,rail,kr-korail,19,19,missing,false,0,0,unverified-station-pattern,unverified,unverified,not-run,data-review,false
kr-korail-rail-gyeongbuk,kr-passenger-korail-rail-gyeongbuk,경북선 일반열차,경북선 일반열차,rail,kr-korail,11,11,missing,false,0,0,unverified-station-pattern,unverified,unverified,not-run,data-review,false
kr-korail-rail-donghae,kr-passenger-korail-rail-donghae,동해선 일반열차,동해선 일반열차,rail,kr-korail,12,12,missing,false,0,0,unverified-station-pattern,unverified,unverified,not-run,data-review,false
kr-korail-rail-daegu,kr-passenger-korail-rail-daegu,대구선 일반열차,대구선 일반열차,rail,kr-korail,4,4,missing,false,0,0,unverified-station-pattern,unverified,unverified,not-run,data-review,false
kr-korail-rail-jeongseon,kr-passenger-korail-rail-jeongseon,정선선 관광·일반열차,정선선 관광·일반열차,rail,kr-korail,6,6,missing,false,0,0,unverified-station-pattern,unverified,unverified,not-run,data-review,false
kr-korail-rail-namdo,kr-passenger-korail-rail-namdo,남도해양열차 경전선 계통,남도해양열차 경전선 계통,rail,kr-korail,12,12,missing,false,0,0,unverified-station-pattern,unverified,unverified,not-run,data-review,false
kr-korail-itx-maeum-gyeongbu,kr-passenger-korail-itx-maeum-gyeongbu,ITX-마음 경부선,ITX-마음 경부선,rail,kr-korail,11,11,missing,false,0,0,unverified-station-pattern,unverified,unverified,not-run,data-review,false
kr-korail-itx-maeum-honam,kr-passenger-korail-itx-maeum-honam,ITX-마음 호남선,ITX-마음 호남선,rail,kr-korail,12,12,missing,false,0,0,unverified-station-pattern,unverified,unverified,not-run,data-review,false
kr-korail-itx-maeum-jeolla,kr-passenger-korail-itx-maeum-jeolla,ITX-마음 전라선,ITX-마음 전라선,rail,kr-korail,10,10,missing,false,0,0,unverified-station-pattern,unverified,unverified,not-run,data-review,false
kr-korail-itx-maeum-chungbuk,kr-passenger-korail-itx-maeum-chungbuk,ITX-마음 충북선,ITX-마음 충북선,rail,kr-korail,9,9,missing,false,0,0,unverified-station-pattern,unverified,unverified,not-run,data-review,false
