"운영사ID","운영사 한글명","노선ID","노선 한글명","노선 일본어명","노선 영어명","원본경로"
"abukumakyuko","아부쿠마 급행","line-99213","아부쿠마 급행선","阿武隈急行線","AbukumakyūKōSen","data/lines/abukumakyuko/abukumakyukosen/line.json"
"aichikanjotetsudo","아이치 환상철도","line-99511","아이치 환상철도","愛知環状鉄道線","AichikanjōTetsudōSen","data/lines/aichikanjotetsudo/aichikanjotetsudosen/line.json"
"aichikosokukotsu","아이치 고속교통","line-99512","리니모","リニモ","Rinimo","data/lines/aichikosokukotsu/rinimo/line.json"
"ainokazetoyamatetsudo","아이노카제 도야마 철도","line-99425","아이노카제 도야마 철도선","あいの風とやま鉄道線","AinokazetoyamatetsudōSen","data/lines/ainokazetoyamatetsudo/ainokazetoyamatetsudosen/line.json"
"aizutetsudo","아이즈 철도","line-99216","아이즈선","会津鉄道会津線","AizutetsudōAizusen","data/lines/aizutetsudo/aizutetsudoaizusen/line.json"
"akitanairikujukantetsudo","아키타내륙종관철도","line-99209","아키타 내륙선","秋田内陸線","Akitanairikusen","data/lines/akitanairikujukantetsudo/akitanairikusen/line.json"
"amagitetsudo","아마기 철도","line-99901","아마기선","甘木鉄道","Amagitetsudō","data/lines/amagitetsudo/amagitetsudo/line.json"
"aoimoritetsudo","아오이모리 철도","line-99206","아오이모리 철도선","青い森鉄道線","AoimoritetsudōSen","data/lines/aoimoritetsudo/aoimoritetsudosen/line.json"
"arupikokotsu","알피코 교통","line-99407","카미코치선","上高地線","KamikōChisen","data/lines/arupikokotsu/kamikochisen/line.json"
"asakaigantetsudo","아사 해안철도","line-99801","아사토선","阿波室戸シーサイドライン","AwamurotoshīSaidorain","data/lines/asakaigantetsudo/awamurotoshisaidorain/line.json"
"bansakaidenkikido","한카이 전기궤도","line-99628","우에마치선","阪堺電軌上町線","Bansakaiden軌Uemachisen","data/lines/bansakaidenkikido/bansakaiden-uemachisen/line.json"
"bansakaidenkikido","한카이 전기궤도","line-99629","한카이선","阪堺電軌阪堺線","Bansakaiden軌Hankaisen","data/lines/bansakaidenkikido/bansakaiden-hankaisen/line.json"
"chibatoshimonoreru","치바 도시 모노레일","line-99331","치바 도시 모노레일 1호선","千葉都市モノレール１号線","ChibatoshimonorēRu1gōSen","data/lines/chibatoshimonoreru/chibatoshimonoreru1gosen/line.json"
"chibatoshimonoreru","치바 도시 모노레일","line-99332","치바 도시 모노레일 2호선","千葉都市モノレール２号線","ChibatoshimonorēRu2gōSen","data/lines/chibatoshimonoreru/chibatoshimonoreru2gosen/line.json"
"chichibutetsudo","치치부철도","line-99306","치치부철도치치부본선","秩父鉄道秩父本線","ChichibutetsudōChichibuhonsen","data/lines/chichibutetsudo/chichibutetsudochichibuhonsen/line.json"
"chikuhodenkitetsudo","치쿠호전기철도","line-99909","치쿠호전기철도선","筑豊電気鉄道線","ChikuhōDenkitetsudōSen","data/lines/chikuhodenkitetsudo/chikuhodenkitetsudosen/line.json"
"chizukyuko","치즈 급행","line-99644","치즈 급행 치즈선","智頭急行智頭線","ChizukyūKōChizusen","data/lines/chizukyuko/chizukyukochizusen/line.json"
"choshidenkitetsudo","초시전기철도","line-99335","초시전철선","銚子電鉄線","ChōShidentetsusen","data/lines/choshidenkitetsudo/choshidentetsusen/line.json"
"echigotokimekitetsudo","에치고토키메키철도","line-99423","니혼카이히스이라인","日本海ひすいライン","Nihonkaihisuirain","data/lines/echigotokimekitetsudo/nihonkaihisuirain/line.json"
"echigotokimekitetsudo","에치고토키메키철도","line-99424","묘다카하네우마라인","妙高はねうまライン","MyōDakahanēMarain","data/lines/echigotokimekitetsudo/myodakahanemarain/line.json"
"echizentetsudo","에치젠철도","line-99420","에치젠철도미쿠니아와라선","えちぜん鉄道三国芦原線","EchizentetsudōMikuniawarasen","data/lines/echizentetsudo/echizentetsudomikuniawarasen/line.json"
"echizentetsudo","에치젠철도","line-99419","에치젠철도카츠야마에이헤이지선","えちぜん鉄道勝山永平寺線","EchizentetsudōKatsuyamaeiheijisen","data/lines/echizentetsudo/echizentetsudokatsuyamaeiheijisen/line.json"
"eizandentetsu","에이잔전철","line-99606","에이잔전철에이잔본선","叡山電鉄叡山本線","Eizandentetsueizanhonsen","data/lines/eizandentetsu/eizandentetsueizanhonsen/line.json"
"eizandentetsu","에이잔전철","line-99607","에이잔전철쿠라마선","叡山電鉄鞍馬線","Eizandentetsukuramasen","data/lines/eizandentetsu/eizandentetsukuramasen/line.json"
"enoshimadentetsu","에노시마전철","line-99320","에노시마전철선","江ノ島電鉄線","Enoshimadentetsusen","data/lines/enoshimadentetsu/enoshimadentetsusen/line.json"
"enshutetsudo","엔슈철도","line-99506","엔슈철도철도선","遠州鉄道鉄道線","EnshūTetsudōTetsudōSen","data/lines/enshutetsudo/enshutetsudotetsudosen/line.json"
"fujikyuko","후지 급행","line-99401","후지 급행선","富士急行線","FujikyūKōSen","data/lines/fujikyuko/fujikyukosen/line.json"
"fukuitetsudo","후쿠이철도","line-99421","후쿠이철도후쿠부선","福井鉄道福武線","FukuitetsudōFukubusen","data/lines/fukuitetsudo/fukuitetsudofukubusen/line.json"
"fukuokashikotsukyoku","후쿠오카시 교통국","line-99905","후쿠오카시 지하철 공항선","福岡市営地下鉄空港線","FukuokashieichikatetsukūKōSen","data/lines/fukuokashikotsukyoku/fukuokashieichikatetsukukosen/line.json"
"fukuokashikotsukyoku","후쿠오카시 교통국","line-99907","후쿠오카시 지하철 나나쿠마선","福岡市営地下鉄七隈線","Fukuokashieichikatetsunanakumasen","data/lines/fukuokashikotsukyoku/fukuokashieichikatetsunanakumasen/line.json"
"fukuokashikotsukyoku","후쿠오카시 교통국","line-99906","후쿠오카시 지하철 하코자키선","福岡市営地下鉄箱崎線","Fukuokashieichikatetsuhakozakisen","data/lines/fukuokashikotsukyoku/fukuokashieichikatetsuhakozakisen/line.json"
"fukushimakotsu","후쿠시마 교통","line-99215","후쿠시마 교통 이자카선","福島交通飯坂線","FukushimakōTsūīZakasen","data/lines/fukushimakotsu/fukushimakotsuizakasen/line.json"
"hakodateshikotsukyoku","하코다테시 교통국","line-99105","하코다테시덴 2계통","函館市電２系統","Hakodateshiden2keitō","data/lines/hakodateshikotsukyoku/hakodateshiden2keito/line.json"
"hakodateshikotsukyoku","하코다테시 교통국","line-99106","하코다테시덴 5계통","函館市電５系統","Hakodateshiden5keitō","data/lines/hakodateshikotsukyoku/hakodateshiden5keito/line.json"
"hakonetozantetsudo","하코네토잔철도","line-99344","하코네 등산 케이블카","箱根登山ケーブルカー","HakonetozankēBurukā","data/lines/hakonetozantetsudo/hakonetozankeburuka/line.json"
"hakonetozantetsudo","하코네토잔철도","line-99339","하코네토잔철도철도선","箱根登山鉄道鉄道線","HakonetozantetsudōTetsudōSen","data/lines/hakonetozantetsudo/hakonetozantetsudotetsudosen/line.json"
"hankyudentetsu","한큐 전철","line-34001","한큐 고베 본선","阪急神戸本線","HankyūKōBehonsen","data/lines/hankyudentetsu/hankyukobehonsen/line.json"
"hankyudentetsu","한큐 전철","line-34005","한큐 고요선","阪急甲陽線","HankyūKōYōSen","data/lines/hankyudentetsu/hankyukoyosen/line.json"
"hankyudentetsu","한큐 전철","line-34003","한큐 교토 본선","阪急京都本線","HankyūKyōTohonsen","data/lines/hankyudentetsu/hankyukyotohonsen/line.json"
"hankyudentetsu","한큐 전철","line-34007","한큐미노오선","阪急箕面線","HankyūMinoosen","data/lines/hankyudentetsu/hankyuminoosen/line.json"
"hankyudentetsu","한큐 전철","line-34008","한큐선리선","阪急千里線","HankyūSenrisen","data/lines/hankyudentetsu/hankyusenrisen/line.json"
"hankyudentetsu","한큐 전철","line-34009","한큐아라시야마선","阪急嵐山線","HankyūArashiyamasen","data/lines/hankyudentetsu/hankyuarashiyamasen/line.json"
"hankyudentetsu","한큐 전철","line-34004","한큐이마즈선","阪急今津線","HankyūImazusen","data/lines/hankyudentetsu/hankyuimazusen/line.json"
"hankyudentetsu","한큐 전철","line-34006","한큐이타미선","阪急伊丹線","HankyūItamisen","data/lines/hankyudentetsu/hankyuitamisen/line.json"
"hankyudentetsu","한큐 전철","line-34002","한큐타카라즈카본선","阪急宝塚本線","HankyūTakarazukahonsen","data/lines/hankyudentetsu/hankyutakarazukahonsen/line.json"
"hanshindentetsu","한신 전기철도","line-hanshin-kobe-kosoku","고베 고속선","神戸高速線","Kobe Kosoku Line","data/lines/hanshindentetsu/hanshinkobekosokusen/line.json"
"hanshindentetsu","한신 전기철도","line-35002","한신난바선","阪神なんば線","Hanshinnambasen","data/lines/hanshindentetsu/hanshinnambasen/line.json"
"hanshindentetsu","한신 전기철도","line-35003","한신무코가와선","阪神武庫川線","Hanshinmukogawasen","data/lines/hanshindentetsu/hanshinmukogawasen/line.json"
"hanshindentetsu","한신 전기철도","line-35001","한신본선","阪神本線","Hanshinhonsen","data/lines/hanshindentetsu/hanshinhonsen/line.json"
"heiseichikuhotetsudo","헤이세이치쿠호철도","line-99928","모지코 레트로 관광선","門司港レトロ観光線","MojikōRetorokankōSen","data/lines/heiseichikuhotetsudo/mojikoretorokankosen/line.json"
"heiseichikuhotetsudo","헤이세이치쿠호철도","line-99902","이타선","伊田線","Itasen","data/lines/heiseichikuhotetsudo/itasen/line.json"
"heiseichikuhotetsudo","헤이세이치쿠호철도","line-99903","이토다선","糸田線","Itodasen","data/lines/heiseichikuhotetsudo/itodasen/line.json"
"heiseichikuhotetsudo","헤이세이치쿠호철도","line-99904","타가와선","田川線","Tagawasen","data/lines/heiseichikuhotetsudo/tagawasen/line.json"
"higashihakosokutetsudo","도요 고속철도","line-99338","도요 고속선","東葉高速線","HigashihakōSokusen","data/lines/higashihakosokutetsudo/higashihakosokusen/line.json"
"hirominamitetsudo","히로미나미철도","line-99202","고난 철도 고난선","弘南鉄道弘南線","HirominamitetsudōKōNansen","data/lines/hirominamitetsudo/hirominamitetsudokonansen/line.json"
"hirominamitetsudo","히로미나미철도","line-99203","고난 철도 오와니선","弘南鉄道大鰐線","HirominamitetsudōōWanisen","data/lines/hirominamitetsudo/hirominamitetsudoowanisen/line.json"
"hiroshimadentetsu","히로시마전철","line-99710","히로덴１고선우지나선","広電１号線(宇品線)","Hiroden1gōSen(Ujinasen)","data/lines/hiroshimadentetsu/hiroden1gosen-ujinasen/line.json"
"hiroshimadentetsu","히로시마전철","line-99711","히로덴２고선미야지마선","広電２号線(宮島線)","Hiroden2gōSen(Miyajimasen)","data/lines/hiroshimadentetsu/hiroden2gosen-miyajimasen/line.json"
"hiroshimadentetsu","히로시마전철","line-99712","히로덴３고선","広電３号線","Hiroden3gōSen","data/lines/hiroshimadentetsu/hiroden3gosen/line.json"
"hiroshimadentetsu","히로시마전철","line-99713","히로덴５고선미나미선","広電５号線(皆実線)","Hiroden5gōSen(Minamisen)","data/lines/hiroshimadentetsu/hiroden5gosen-minamisen/line.json"
"hiroshimadentetsu","히로시마전철","line-99714","히로덴６고선에바선","広電６号線(江波線)","Hiroden6gōSen(Ebasen)","data/lines/hiroshimadentetsu/hiroden6gosen-ebasen/line.json"
"hiroshimadentetsu","히로시마전철","line-99715","히로덴７고선","広電７号線","Hiroden7gōSen","data/lines/hiroshimadentetsu/hiroden7gosen/line.json"
"hiroshimadentetsu","히로시마전철","line-99716","히로덴８고선요코가와선","広電８号線(横川線)","Hiroden8gōSen(Yokogawasen)","data/lines/hiroshimadentetsu/hiroden8gosen-yokogawasen/line.json"
"hiroshimadentetsu","히로시마전철","line-99717","히로덴９고선하쿠시마선","広電９号線(白島線)","Hiroden9gōSen(Hakushimasen)","data/lines/hiroshimadentetsu/hiroden9gosen-hakushimasen/line.json"
"hiroshimakosokukotsu","히로시마 고속교통","line-99709","아스토라무라인","アストラムライン","Asutoramurain","data/lines/hiroshimakosokukotsu/asutoramurain/line.json"
"hitachinakakaihintetsudo","히타치나카카이힌철도","line-99315","히타치나카카이힌철도미나토선","ひたちなか海浜鉄道湊線","HitachinakakaihintetsudōMinatosen","data/lines/hitachinakakaihintetsudo/hitachinakakaihintetsudominatosen/line.json"
"hojotetsudo","호조 철도","line-99643","호조 철도 호조선","北条鉄道北条線","HōJōTetsudōHōJōSen","data/lines/hojotetsudo/hojotetsudohojosen/line.json"
"hokuetsukyuko","호쿠에쓰 급행","line-99402","호쿠에츠 급행 호쿠호쿠선","北越急行ほくほく線","HokuetsukyūKōHokuhokusen","data/lines/hokuetsukyuko/hokuetsukyukohokuhokusen/line.json"
"hokurikutetsudo","호쿠리쿠철도","line-99417","호쿠리쿠철도아사노가와선","北陸鉄道浅野川線","HokurikutetsudōAsanogawasen","data/lines/hokurikutetsudo/hokurikutetsudoasanogawasen/line.json"
"hokurikutetsudo","호쿠리쿠철도","line-99416","호쿠리쿠철도이시카와선","北陸鉄道石川線","HokurikutetsudōIshikawasen","data/lines/hokurikutetsudo/hokurikutetsudoishikawasen/line.json"
"hokuso-railway","호쿠소 철도","line-99340","호쿠소 철도 호쿠소선","北総鉄道北総線","KitasōTetsudōKitasōSen","data/lines/hokuso-railway/kitasotetsudokitasosen/line.json"
"ichihatadensha","이치하타덴샤","line-99702","키타마츠에선","北松江線","Kitamatsuesen","data/lines/ichihatadensha/kitamatsuesen/line.json"
"ichihatadensha","이치하타덴샤","line-99703","타이샤선","大社線","Taishasen","data/lines/ichihatadensha/taishasen/line.json"
"igatetsudo","이가철도","line-99531","이가철도이가선","伊賀鉄道伊賀線","IgatetsudōIgasen","data/lines/igatetsudo/igatetsudoigasen/line.json"
"igryuwategingatetsudo","igr이와테긴가철도","line-99205","이와테긴가철도선","いわて銀河鉄道線","YuwategingatetsudōSen","data/lines/igryuwategingatetsudo/yuwategingatetsudosen/line.json"
"iharatetsudo","이하라철도","line-99705","이하라선","井原線","Iharasen","data/lines/iharatetsudo/iharasen/line.json"
"irishikawatetsudo","ir이시카와철도","line-99426","ir이시카와철도선","IRいしかわ鉄道線","IRishikawatetsudōSen","data/lines/irishikawatetsudo/irishikawatetsudosen/line.json"
"isetetsudo","이세철도","line-99530","이세철도이세선","伊勢鉄道伊勢線","IsetetsudōIsesen","data/lines/isetetsudo/isetetsudoisesen/line.json"
"isumitetsudo","이스미철도","line-99308","이스미선","いすみ線","Isumisen","data/lines/isumitetsudo/isumisen/line.json"
"iyotetsudo","이요철도","line-99805","이요 철도 군추선","伊予鉄道郡中線","IyotetsudōGunchūSen","data/lines/iyotetsudo/iyotetsudogunchusen/line.json"
"iyotetsudo","이요철도","line-99809","이요 철도 순환선","伊予鉄道環状線","IyotetsudōKanjōSen","data/lines/iyotetsudo/iyotetsudokanjosen/line.json"
"iyotetsudo","이요철도","line-99811","이요철도마츠야마에키젠선","伊予鉄道松山駅前線","IyotetsudōMatsuyamaekizensen","data/lines/iyotetsudo/iyotetsudomatsuyamaekizensen/line.json"
"iyotetsudo","이요철도","line-99810","이요철도시에키선","伊予鉄道市駅線","IyotetsudōShiekisen","data/lines/iyotetsudo/iyotetsudoshiekisen/line.json"
"iyotetsudo","이요철도","line-99807","이요철도요코가와라선","伊予鉄道横河原線","IyotetsudōYokogawarasen","data/lines/iyotetsudo/iyotetsudoyokogawarasen/line.json"
"iyotetsudo","이요철도","line-99806","이요철도타카하마선","伊予鉄道高浜線","IyotetsudōTakahamasen","data/lines/iyotetsudo/iyotetsudotakahamasen/line.json"
"iyotetsudo","이요철도","line-99812","이요철도혼초선","伊予鉄道本町線","IyotetsudōHonchōSen","data/lines/iyotetsudo/iyotetsudohonchosen/line.json"
"izuhakonetetsudo","이즈하코네철도","line-99314","이즈하코네 철도 다이유잔선","伊豆箱根鉄道大雄山線","IzuhakonetetsudōDaiyūZansen","data/lines/izuhakonetetsudo/izuhakonetetsudodaiyuzansen/line.json"
"izuhakonetetsudo","이즈하코네철도","line-99502","이즈하코네철도슨즈선","伊豆箱根鉄道駿豆線","IzuhakonetetsudōSunzusen","data/lines/izuhakonetetsudo/izuhakonetetsudosunzusen/line.json"
"izukyuko","이즈 급행","line-99501","이즈 급행선","伊豆急行線","IzukyūKōSen","data/lines/izukyuko/izukyukosen/line.json"
"jr-central","JR 도카이","line-11508","간사이 본선(나고야~가메야마)","関西本線(名古屋～亀山)","Kansaihonsen(Nagoya~Kameyama)","data/lines/jr-central/kansaihonsen-nagoya-kameyama/line.json"
"jr-central","JR 도카이","line-11505","고텐바선","御殿場線","Gotembasen","data/lines/jr-central/gotembasen/line.json"
"jr-central","JR 도카이","line-11510","기세이 본선","紀勢本線","Kiseihonsen","data/lines/jr-central/kiseihonsen/line.json"
"jr-central","JR 도카이","line-11507","다이타선","太多線","Taitasen","data/lines/jr-central/taitasen/line.json"
"jr-central","JR 도카이","line-11416","다카야마 본선","高山本線","Takayamahonsen","data/lines/jr-central/takayamahonsen/line.json"
"jr-central","JR 도카이","line-11506","다케토요선","武豊線","Taketoyosen","data/lines/jr-central/taketoyosen/line.json"
"jr-central","JR 도카이","line-11503","도카이도 본선(기후~미노아카사카·마이바라)","東海道本線(岐阜～美濃赤坂・米原)","TōKaidōHonsen(Gifu~Minoakasaka･Maibara)","data/lines/jr-central/tokaidohonsen-gifu-minoakasaka-maibara/line.json"
"jr-central","JR 도카이","line-11501","도카이도 본선(아타미~하마마쓰)","東海道本線(熱海～浜松)","TōKaidōHonsen(Atami~Hamamatsu)","data/lines/jr-central/tokaidohonsen-atami-hamamatsu/line.json"
"jr-central","JR 도카이","line-11502","도카이도 본선(하마마쓰~기후)","東海道本線(浜松～岐阜)","TōKaidōHonsen(Hamamatsu~Gifu)","data/lines/jr-central/tokaidohonsen-hamamatsu-gifu/line.json"
"jr-central","JR 도카이","shinkansen-tokaido","도카이도 신칸센","東海道新幹線","Tokaido Shinkansen","data/lines/jr-central/tokaido-shinkansen/line.json"
"jr-central","JR 도카이","line-11513","메이쇼선","名松線","MeishōSen","data/lines/jr-central/meishosen/line.json"
"jr-central","JR 도카이","line-11402","미노부선","身延線","Minobusen","data/lines/jr-central/minobusen/line.json"
"jr-central","JR 도카이","line-11512","산구선","参宮線","SangūSen","data/lines/jr-central/sangusen/line.json"
"jr-central","JR 도카이","line-11413","이다선(도요하시~텐류쿄)","飯田線(豊橋～天竜峡)","īDasen(Toyohashi~TenryūKyō)","data/lines/jr-central/idasen-toyohashi-tenryukyo/line.json"
"jr-central","JR 도카이","line-11414","이다선(텐류쿄~다쓰노)","飯田線(天竜峡～辰野)","īDasen(TenryūKyō~Tatsuno)","data/lines/jr-central/idasen-tenryukyo-tatsuno/line.json"
"jr-central","JR 도카이","line-11411","츄오 본선(나고야~시오지리)","中央本線(名古屋～塩尻)","ChūōHonsen(Nagoya~Shiojiri)","data/lines/jr-central/chuohonsen-nagoya-shiojiri/line.json"
"jr-east","JR 동일본","line-11209","가마이시선","銀河ドリームライン釜石線","GingadorīMurainkamaishisen","data/lines/jr-east/gingadorimurainkamaishisen/line.json"
"jr-east","JR 동일본","line-11322","가와고에선","川越線","Kawagoesen","data/lines/jr-east/kawagoesen/line.json"
"jr-east","JR 동일본","line-11326","게이요선","京葉線","Keiyo Line","data/lines/jr-east/keiyo-line/line.json"
"jr-east","JR 동일본","line-11332","게이힌도호쿠선","京浜東北線","Keihin-Tohoku Line","data/lines/jr-east/keihin-tohoku-line/line.json"
"jr-east","JR 동일본","line-11204","고노선","五能線","GonōSen","data/lines/jr-east/gonosen/line.json"
"jr-east","JR 동일본","line-11401","고우미선","八ヶ岳高原線","YatsugatakekōGensen","data/lines/jr-east/yatsugatakekogensen/line.json"
"jr-east","JR 동일본","line-11210","기타카미선","北上線","HokujōSen","data/lines/jr-east/hokujosen/line.json"
"jr-east","JR 동일본","line-11328","나리타 익스프레스","成田エクスプレス","Narita Express","data/lines/jr-east/narita-express/line.json"
"jr-east","JR 동일본","line-11327","나리타선","成田線","Naritasen","data/lines/jr-east/naritasen/line.json"
"jr-east","JR 동일본","line-11303","난부선","南武線","Nambusen","data/lines/jr-east/nambusen/line.json"
"jr-east","JR 동일본","line-11307","네기시선","根岸線","Negishisen","data/lines/jr-east/negishisen/line.json"
"jr-east","JR 동일본","line-11340","닛코선","日光線","NikkōSen","data/lines/jr-east/nikkosen/line.json"
"jr-east","JR 동일본","line-11227","다다미선","只見線","Tadamisen","data/lines/jr-east/tadamisen/line.json"
"jr-east","JR 동일본","line-11211","다자와코선","田沢湖線","Tazawakosen","data/lines/jr-east/tazawakosen/line.json"
"jr-east","JR 동일본","line-11323","다카사키선","高崎線","Takasakisen","data/lines/jr-east/takasakisen/line.json"
"jr-east","JR 동일본","line-11331","도가네선","東金線","TōGanesen","data/lines/jr-east/toganesen/line.json"
"jr-east","JR 동일본","line-11301","도카이도 본선(도쿄~아타미)","東海道本線","TōKaidōHonsen(TōKyō~Atami)","data/lines/jr-east/tokaidohonsen-tokyo-atami/line.json"
"jr-east","JR 동일본","line-11301--tokaidohonsen-tokyo-atami","도카이도 본선(도쿄~아타미)","東海道本線(東京～熱海)","TōKaidōHonsen(TōKyō~Atami)","data/lines/jr-east/tokaidohonsen-tokyo-atami-2/line.json"
"jr-east","JR 동일본","line-11231","도호쿠 본선(구로이소~리후·모리오카)","東北本線(黒磯～利府・盛岡)","TōHokuhonsen(Kuroiso~Rifu･Morioka)","data/lines/jr-east/tohokuhonsen-kuroiso-rifu-morioka/line.json"
"jr-east","JR 동일본","shinkansen-tohoku","도호쿠 신칸센","東北新幹線","Tohoku Shinkansen","data/lines/jr-east/tohoku-shinkansen/line.json"
"jr-east","JR 동일본","line-11341","료모선","両毛線","RyōMōSen","data/lines/jr-east/ryomosen/line.json"
"jr-east","JR 동일본","line-11220","리쿠우사이선","奥の細道最上川ライン","Okunohosomichimogamigawarain","data/lines/jr-east/okunohosomichimogamigawarain/line.json"
"jr-east","JR 동일본","line-11221","리쿠우토선","奥の細道湯けむりライン","Okunohosomichiyukemurirain","data/lines/jr-east/okunohosomichiyukemurirain/line.json"
"jr-east","JR 동일본","line-11305","무사시노선","武蔵野線","Musashinosen","data/lines/jr-east/musashinosen/line.json"
"jr-east","JR 동일본","line-11339","미토선","水戸線","Mitosen","data/lines/jr-east/mitosen/line.json"
"jr-east","JR 동일본","line-11225","반에쓰사이선(고리야마~아이즈와카마쓰)","磐越西線(郡山～会津若松)","Ban'Etsusaisen(KōRiyama~Aizuwakamatsu)","data/lines/jr-east/ban-etsusaisen-koriyama-aizuwakamatsu/line.json"
"jr-east","JR 동일본","line-11226","반에쓰사이선(니쓰~아이즈와카마쓰)","森と水とロマンの鉄道","Moritomizutoromannotetsudō","data/lines/jr-east/moritomizutoromannotetsudo/line.json"
"jr-east","JR 동일본","line-11228","반에쓰토선","ゆうゆうあぶくまライン","YūYūAbukumarain","data/lines/jr-east/yuyuabukumarain/line.json"
"jr-east","JR 동일본","line-11309","사가미선","相模線","Sagamisen","data/lines/jr-east/sagamisen/line.json"
"jr-east","JR 동일본","line-11321","사이쿄선","埼京線","Saikyo Line","data/lines/jr-east/saikyo-line/line.json"
"jr-east","JR 동일본","line-11222","센세키선","仙石線","Sensekisen","data/lines/jr-east/sensekisen/line.json"
"jr-east","JR 동일본","line-11217","센잔선","仙山線","Senzansen","data/lines/jr-east/senzansen/line.json"
"jr-east","JR 동일본","line-11314","소부 본선","総武本線","SōBuhonsen","data/lines/jr-east/sobuhonsen/line.json"
"jr-east","JR 동일본","line-11324","소토보선","外房線","SotobōSen","data/lines/jr-east/sotobosen/line.json"
"jr-east","JR 동일본","line-11333","쇼난신주쿠라인","湘南新宿ライン","Shonan-Shinjuku Line","data/lines/jr-east/shonan-shinjuku-line/line.json"
"jr-east","JR 동일본","line-11338","스이군선","水郡線","Suigunsen","data/lines/jr-east/suigunsen/line.json"
"jr-east","JR 동일본","line-11412","시노노이선","篠ノ井線","Shinonoisen","data/lines/jr-east/shinonoisen/line.json"
"jr-east","JR 동일본","line-11404","신에쓰 본선(나오에쓰~니가타)","信越本線(直江津～新潟)","Shin'Etsuhonsen(Naoetsu~NīGata)","data/lines/jr-east/shin-etsuhonsen-naoetsu-nigata/line.json"
"jr-east","JR 동일본","line-11403","신에쓰 본선(시노노이~나가노)","信越本線(篠ノ井～長野)","Shin'Etsuhonsen(Shinonoi~Nagano)","data/lines/jr-east/shin-etsuhonsen-shinonoi-nagano/line.json"
"jr-east","JR 동일본","line-11337","신에츠본선","信越本線","Shin'Etsuhonsen","data/lines/jr-east/shin-etsuhonsen/line.json"
"jr-east","JR 동일본","line-11304","쓰루미선","鶴見線","Tsurumisen","data/lines/jr-east/tsurumisen/line.json"
"jr-east","JR 동일본","line-11335","아가츠마선","吾妻線","Agatsumasen","data/lines/jr-east/agatsumasen/line.json"
"jr-east","JR 동일본","shinkansen-akita","아키타 신칸센","秋田新幹線","Akita Shinkansen","data/lines/jr-east/akita-shinkansen/line.json"
"jr-east","JR 동일본","line-11218","아테라자와선","フルーツライン左沢線","FurūTsurainaterazawasen","data/lines/jr-east/furutsurainaterazawasen/line.json"
"jr-east","JR 동일본","shinkansen-yamagata","야마가타 신칸센","山形新幹線","Yamagata Shinkansen","data/lines/jr-east/yamagata-shinkansen/line.json"
"jr-east","JR 동일본","line-11216","야마가타선","山形線","Yamagatasen","data/lines/jr-east/yamagatasen/line.json"
"jr-east","JR 동일본","line-11302","야마노테선","山手線","Yamanote Line","data/lines/jr-east/yamanote/line.json"
"jr-east","JR 동일본","line-11213","야마다선","山田線","Yamadasen","data/lines/jr-east/yamadasen/line.json"
"jr-east","JR 동일본","line-11410","야히코선","弥彦線","Yahikosen","data/lines/jr-east/yahikosen/line.json"
"jr-east","JR 동일본","line-11408","에치고선","越後線","Echigosen","data/lines/jr-east/echigosen/line.json"
"jr-east","JR 동일본","line-11215","오가선","男鹿線","Ogasen","data/lines/jr-east/ogasen/line.json"
"jr-east","JR 동일본","line-11315","오메선","青梅線","ōMesen","data/lines/jr-east/omesen/line.json"
"jr-east","JR 동일본","line-11203","오미나토선","はまなすベイライン大湊線","HamanasubeirainōMinatosen","data/lines/jr-east/hamanasubeirainominatosen/line.json"
"jr-east","JR 동일본","line-11202","오우 본선(신조~아오모리)","奥羽本線(新庄～青森)","ōUhonsen(Shinjō~Aomori)","data/lines/jr-east/ouhonsen-shinjo-aomori/line.json"
"jr-east","JR 동일본","line-11409","오이토선","北アルプス線","Kitaarupususen","data/lines/jr-east/kitaarupususen/line.json"
"jr-east","JR 동일본","line-11208","오후나토선","ドラゴンレール大船渡線","DoragonrēRuōFunatosen","data/lines/jr-east/doragonreruofunatosen/line.json"
"jr-east","JR 동일본","line-11219","요네사카선","米坂線","Beizakasen","data/lines/jr-east/beizakasen/line.json"
"jr-east","JR 동일본","line-11308","요코스카선","横須賀線","Yokosuka Line","data/lines/jr-east/yokosuka-line/line.json"
"jr-east","JR 동일본","line-11306","요코하마선","横浜線","Yokohamasen","data/lines/jr-east/yokohamasen/line.json"
"jr-east","JR 동일본","line-11319","우쓰노미야선","宇都宮線","Utsunomiyasen","data/lines/jr-east/utsunomiyasen/line.json"
"jr-east","JR 동일본","line-11343","우에노도쿄라인","上野東京ライン","UenotōKyōRain","data/lines/jr-east/uenotokyorain/line.json"
"jr-east","JR 동일본","line-11214","우에쓰 본선","羽越本線","Uetsuhonsen","data/lines/jr-east/uetsuhonsen/line.json"
"jr-east","JR 동일본","line-11325","우치보선","内房線","UchibōSen","data/lines/jr-east/uchibosen/line.json"
"jr-east","JR 동일본","line-11223","이시노마키선","石巻線","Ishinomakisen","data/lines/jr-east/ishinomakisen/line.json"
"jr-east","JR 동일본","line-11316","이쓰카이치선","五日市線","Itsukaichisen","data/lines/jr-east/itsukaichisen/line.json"
"jr-east","JR 동일본","line-11407","이야마선","飯山線","īYamasen","data/lines/jr-east/iyamasen/line.json"
"jr-east","JR 동일본","line-11504","이토선","伊東線","ItōSen","data/lines/jr-east/itosen/line.json"
"jr-east","JR 동일본","line-11229","조반선(도리데~이와키)","常磐線","JōBansen(Totte~Iwaki)","data/lines/jr-east/jobansen-totte-iwaki/line.json"
"jr-east","JR 동일본","line-11229--jobansen-totte-iwaki","조반선(도리데~이와키)","常磐線(取手～いわき)","JōBansen(Totte~Iwaki)","data/lines/jr-east/jobansen-totte-iwaki-2/line.json"
"jr-east","JR 동일본","line-11320","조반선(우에노~도리데)","常磐線","JōBansen(Ueno~Totte)","data/lines/jr-east/jobansen-ueno-totte/line.json"
"jr-east","JR 동일본","line-11320--jobansen-ueno-totte","조반선(우에노~도리데)","常磐線(上野～取手)","JōBansen(Ueno~Totte)","data/lines/jr-east/jobansen-ueno-totte-2/line.json"
"jr-east","JR 동일본","line-11230","조반선(이와키~센다이)","常磐線(いわき～仙台)","JōBansen(Iwaki~Sendai)","data/lines/jr-east/jobansen-iwaki-sendai/line.json"
"jr-east","JR 동일본","shinkansen-joetsu","조에쓰 신칸센","上越新幹線","Joetsu Shinkansen","data/lines/jr-east/joetsu-shinkansen/line.json"
"jr-east","JR 동일본","line-11342","조에쓰선","上越線","JōEtsusen","data/lines/jr-east/joetsusen/line.json"
"jr-east","JR 동일본","line-11311--chuohonsen-tokyo-shiojiri","주오 본선(도쿄~시오지리)","中央本線(東京～塩尻)","ChūōHonsen(TōKyō~Shiojiri)","data/lines/jr-east/chuohonsen-tokyo-shiojiri-2/line.json"
"jr-east","JR 동일본","line-11311","츄오 본선(도쿄~시오지리)","中央本線","ChūōHonsen(TōKyō~Shiojiri)","data/lines/jr-east/chuohonsen-tokyo-shiojiri/line.json"
"jr-east","JR 동일본","line-11313","츄오·소부선","中央・総武線","Chuo-Sobu Line","data/lines/jr-east/chuo-sobu/line.json"
"jr-east","JR 동일본","line-11312","츄오선(쾌속)","中央線(快速)","Chuo Line (Rapid)","data/lines/jr-east/chuo-line-rapid/line.json"
"jr-east","JR 동일본","line-11205","츠가루선","津軽線","Tsugarusen","data/lines/jr-east/tsugarusen/line.json"
"jr-east","JR 동일본","line-11334","카라스야마선","烏山線","Karasuyamasen","data/lines/jr-east/karasuyamasen/line.json"
"jr-east","JR 동일본","line-11329","카시마선","鹿島線","Kashimasen","data/lines/jr-east/kashimasen/line.json"
"jr-east","JR 동일본","line-11224","케선누마선","気仙沼線","Kesennumasen","data/lines/jr-east/kesennumasen/line.json"
"jr-east","JR 동일본","line-11330","쿠루리선","久留里線","Kururisen","data/lines/jr-east/kururisen/line.json"
"jr-east","JR 동일본","line-11212","하나와선","十和田八幡平四季彩ライン","Towadayawatadairashikiirodorirain","data/lines/jr-east/towadayawatadairashikiirodorirain/line.json"
"jr-east","JR 동일본","line-11206","하치노헤선","八戸線","Hachinohesen","data/lines/jr-east/hachinohesen/line.json"
"jr-east","JR 동일본","line-11318","하치코선(고마가와~다카사키)","八高線(高麗川～高崎)","HachikōSen(Komagawa~Takasaki)","data/lines/jr-east/hachikosen-komagawa-takasaki/line.json"
"jr-east","JR 동일본","line-11317","하치코선(하치오지~고마가와)","八高線","HachikōSen(HachiōJi~Komagawa)","data/lines/jr-east/hachikosen-hachioji-komagawa/line.json"
"jr-east","JR 동일본","line-11317--hachikosen-hachioji-komagawa","하치코선(하치오지~고마가와)","八高線(八王子～高麗川)","HachikōSen(HachiōJi~Komagawa)","data/lines/jr-east/hachikosen-hachioji-komagawa-2/line.json"
"jr-east","JR 동일본","line-11406","하쿠신선","白新線","Hakushinsen","data/lines/jr-east/hakushinsen/line.json"
"jr-east","JR 동일본","shinkansen-hokuriku","호쿠리쿠 신칸센","北陸新幹線","Hokuriku Shinkansen","data/lines/jr-east/hokuriku-shinkansen/line.json"
"jr-hokkaido","JR 홋카이도","line-11118","가이쿄선","海峡線","KaikyōSen","data/lines/jr-hokkaido/kaikyosen/line.json"
"jr-hokkaido","JR 홋카이도","line-11106","네무로 본선(다키카와~신토쿠)","根室本線(滝川～新得)","Nemurohonsen(Takikawa~Shintoku)","data/lines/jr-hokkaido/nemurohonsen-takikawa-shintoku/line.json"
"jr-hokkaido","JR 홋카이도","line-11107","네무로 본선(신토쿠~구시로)","根室本線(新得～釧路)","Nemurohonsen(Shintoku~Kushiro)","data/lines/jr-hokkaido/nemurohonsen-shintoku-kushiro/line.json"
"jr-hokkaido","JR 홋카이도","line-11113","루모이 본선","留萌本線","Rumoehonsen","data/lines/jr-hokkaido/rumoehonsen/line.json"
"jr-hokkaido","JR 홋카이도","line-11105","무로란 본선(도마코마이~이와미자와)","室蘭本線(苫小牧～岩見沢)","Muroranhonsen(Tomakomai~Iwamizawa)","data/lines/jr-hokkaido/muroranhonsen-tomakomai-iwamizawa/line.json"
"jr-hokkaido","JR 홋카이도","line-11104","무로란 본선(오샤만베·무로란~도마코마이)","室蘭本線(長万部・室蘭～苫小牧)","Muroranhonsen(ChōManbu･Muroran~Tomakomai)","data/lines/jr-hokkaido/muroranhonsen-chomanbu-muroran-tomakomai/line.json"
"jr-hokkaido","JR 홋카이도","line-11112","삿쇼선","札沼線","SasshōSen","data/lines/jr-hokkaido/sasshosen/line.json"
"jr-hokkaido","JR 홋카이도","line-11110","세키쇼선","石勝線","SekishōSen","data/lines/jr-hokkaido/sekishosen/line.json"
"jr-hokkaido","JR 홋카이도","line-11116","세키호쿠 본선","石北本線","Sekihokuhonsen","data/lines/jr-hokkaido/sekihokuhonsen/line.json"
"jr-hokkaido","JR 홋카이도","line-11117","센모 본선","釧網本線","SemmōHonsen","data/lines/jr-hokkaido/semmohonsen/line.json"
"jr-hokkaido","JR 홋카이도","line-11115","소야 본선","宗谷本線","SōYahonsen","data/lines/jr-hokkaido/soyahonsen/line.json"
"jr-hokkaido","JR 홋카이도","line-11109","지토세선","千歳線","Chitosesen","data/lines/jr-hokkaido/chitosesen/line.json"
"jr-hokkaido","JR 홋카이도","line-11108","하나사키선","花咲線","Hanasakisen","data/lines/jr-hokkaido/hanasakisen/line.json"
"jr-hokkaido","JR 홋카이도","line-11102","하코다테 본선(오샤만베~오타루)","函館本線(長万部～小樽)","Hakodatehonsen(ChōManbu~Otaru)","data/lines/jr-hokkaido/hakodatehonsen-chomanbu-otaru/line.json"
"jr-hokkaido","JR 홋카이도","line-11103","하코다테 본선(오타루~아사히카와)","函館本線(小樽～旭川)","Hakodatehonsen(Otaru~Asahikawa)","data/lines/jr-hokkaido/hakodatehonsen-otaru-asahikawa/line.json"
"jr-hokkaido","JR 홋카이도","line-11101","하코다테 본선(하코다테~오샤만베)","函館本線(函館～長万部)","Hakodatehonsen(Hakodate~ChōManbu)","data/lines/jr-hokkaido/hakodatehonsen-hakodate-chomanbu/line.json"
"jr-hokkaido","JR 홋카이도","shinkansen-hokkaido","홋카이도 신칸센","北海道新幹線","Hokkaido Shinkansen","data/lines/jr-hokkaido/hokkaido-shinkansen/line.json"
"jr-hokkaido","JR 홋카이도","line-11114","후라노선","富良野線","Furanosen","data/lines/jr-hokkaido/furanosen/line.json"
"jr-hokkaido","JR 홋카이도","line-11111","히다카 본선","日高本線","Hidakahonsen","data/lines/jr-hokkaido/hidakahonsen/line.json"
"jr-kyushu","JR 큐슈","line-11904","가고시마 본선(센다이~가고시마)","鹿児島本線(川内～鹿児島)","Kagoshimahonsen(Sendai~Kagoshima)","data/lines/jr-kyushu/kagoshimahonsen-sendai-kagoshima/line.json"
"jr-kyushu","JR 큐슈","line-11902","가고시마 본선(시모노세키·모지코~하카타)","鹿児島本線(下関・門司港～博多)","Kagoshimahonsen(Shimonoseki･Mojikō~Hakata)","data/lines/jr-kyushu/kagoshimahonsen-shimonoseki-mojiko-hakata/line.json"
"jr-kyushu","JR 큐슈","line-11903","가고시마 본선(하카타~야쓰시로)","鹿児島本線(博多～八代)","Kagoshimahonsen(Hakata~Hachidai)","data/lines/jr-kyushu/kagoshimahonsen-hakata-hachidai/line.json"
"jr-kyushu","JR 큐슈","line-11917","가시선(가시이~우미)","香椎線(香椎～宇美)","Kashiisen(Kashii~Umi)","data/lines/jr-kyushu/kashiisen-kashii-umi/line.json"
"jr-kyushu","JR 큐슈","line-11915","고토지선","後藤寺線","GotōJisen","data/lines/jr-kyushu/gotojisen/line.json"
"jr-kyushu","JR 큐슈","line-11905","나가사키 본선(도스~나가사키)","長崎本線(鳥栖～長崎)","Nagasakihonsen(Tosu~Nagasaki)","data/lines/jr-kyushu/nagasakihonsen-tosu-nagasaki/line.json"
"jr-kyushu","JR 큐슈","shinkansen-nishi-kyushu","니시큐슈 신칸센","西九州新幹線","Nishi Kyushu Shinkansen","data/lines/jr-kyushu/nishi-kyushu-shinkansen/line.json"
"jr-kyushu","JR 큐슈","line-11928","니치난선","日南線","Nichinansen","data/lines/jr-kyushu/nichinansen/line.json"
"jr-kyushu","JR 큐슈","line-11906","닛포 본선(모지코~사에키)","日豊本線(門司港～佐伯)","NippōHonsen(Mojikō~Saeki)","data/lines/jr-kyushu/nippohonsen-mojiko-saeki/line.json"
"jr-kyushu","JR 큐슈","line-11907","닛포 본선(사에키~가고시마추오)","日豊本線(佐伯～鹿児島中央)","NippōHonsen(Saeki~Kagoshimachūō)","data/lines/jr-kyushu/nippohonsen-saeki-kagoshimachuo/line.json"
"jr-kyushu","JR 큐슈","line-11927","미야자키 공항선","宮崎空港線","MiyazakikūKōSen","data/lines/jr-kyushu/miyazakikukosen/line.json"
"jr-kyushu","JR 큐슈","line-11918","사세보선","佐世保線","Sasebosen","data/lines/jr-kyushu/sasebosen/line.json"
"jr-kyushu","JR 큐슈","line-11924","산카쿠선아마쿠사미스미선","三角線（あまくさみすみ線）","Sankakusen(Amakusamisumisen)","data/lines/jr-kyushu/sankakusen-amakusamisumisen/line.json"
"jr-kyushu","JR 큐슈","line-11923","아소 고원선","阿蘇高原線","AsokōGensen","data/lines/jr-kyushu/asokogensen/line.json"
"jr-kyushu","JR 큐슈","line-11929","에비노 고원선","えびの高原線","EbinokōGensen","data/lines/jr-kyushu/ebinokogensen/line.json"
"jr-kyushu","JR 큐슈","line-11925","에비노 고원선(야쓰시로~요시마쓰)","えびの高原線(八代～吉松)","EbinokōGensen(Hachidai~Yoshimatsu)","data/lines/jr-kyushu/ebinokogensen-hachidai-yoshimatsu/line.json"
"jr-kyushu","JR 큐슈","line-11922","오무라선","大村線","ōMurasen","data/lines/jr-kyushu/omurasen/line.json"
"jr-kyushu","JR 큐슈","line-11910","와카마츠선","若松線","Wakamatsusen","data/lines/jr-kyushu/wakamatsusen/line.json"
"jr-kyushu","JR 큐슈","line-11916","우미노나카미치선","海の中道線","Uminonakamichisen","data/lines/jr-kyushu/uminonakamichisen/line.json"
"jr-kyushu","JR 큐슈","line-11913","유후 고원선","ゆふ高原線","YufukōGensen","data/lines/jr-kyushu/yufukogensen/line.json"
"jr-kyushu","JR 큐슈","line-11930","이부스키마쿠라자키선","指宿枕崎線","Ibusukimakurazakisen","data/lines/jr-kyushu/ibusukimakurazakisen/line.json"
"jr-kyushu","JR 큐슈","line-11920","지쿠히선(니시카라쓰~이마리)","筑肥線(西唐津～伊万里)","筑Koesen(Nishikaratsu~Imari)","data/lines/jr-kyushu/koesen-nishikaratsu-imari/line.json"
"jr-kyushu","JR 큐슈","line-11909","지쿠히선(메이노하마~니시카라쓰)","筑肥線(姪浜～西唐津)","筑Koesen(Meinohama~Nishikaratsu)","data/lines/jr-kyushu/koesen-meinohama-nishikaratsu/line.json"
"jr-kyushu","JR 큐슈","line-11921","카라츠선","唐津線","Karatsusen","data/lines/jr-kyushu/karatsusen/line.json"
"jr-kyushu","JR 큐슈","shinkansen-kyushu","큐슈 신칸센","九州新幹線","Kyushu Shinkansen","data/lines/jr-kyushu/kyushu-shinkansen/line.json"
"jr-kyushu","JR 큐슈","line-11912","하라다선","原田線","Haradasen","data/lines/jr-kyushu/haradasen/line.json"
"jr-kyushu","JR 큐슈","line-11908","후쿠키타유타카선","福北ゆたか線","Fukukitayutakasen","data/lines/jr-kyushu/fukukitayutakasen/line.json"
"jr-kyushu","JR 큐슈","line-11911","후쿠호쿠유타카선(오리오~가쓰라가와)","福北ゆたか線(折尾～桂川)","Fukukitayutakasen(Orio~Katsuragawa)","data/lines/jr-kyushu/fukukitayutakasen-orio-katsuragawa/line.json"
"jr-kyushu","JR 큐슈","line-11926","히사쓰선(요시마쓰~하야토)","肥薩線(吉松～隼人)","Hisatsusen(Yoshimatsu~Hayato)","data/lines/jr-kyushu/hisatsusen-yoshimatsu-hayato/line.json"
"jr-kyushu","JR 큐슈","line-11914","히타히코산선","日田彦山線","Hitahikosansen","data/lines/jr-kyushu/hitahikosansen/line.json"
"jr-shikoku","JR 시코쿠","line-11802","고토쿠선","高徳線","KōTokusen","data/lines/jr-shikoku/kotokusen/line.json"
"jr-shikoku","JR 시코쿠","line-11805","나루토선","鳴門線","Narutosen","data/lines/jr-shikoku/narutosen/line.json"
"jr-shikoku","JR 시코쿠","line-11801","도산선","土讃線","Dosansen","data/lines/jr-shikoku/dosansen/line.json"
"jr-shikoku","JR 시코쿠","line-11804","무기선","牟岐線","Mugisen","data/lines/jr-shikoku/mugisen/line.json"
"jr-shikoku","JR 시코쿠","line-11807","산·우치코선","予讃・内子線","予San･Uchikosen","data/lines/jr-shikoku/san-uchikosen/line.json"
"jr-shikoku","JR 시코쿠","line-11808","시만토구린라인","しまんとグリーンライン","ShimantogurīNrain","data/lines/jr-shikoku/shimantogurinrain/line.json"
"jr-shikoku","JR 시코쿠","line-11806","요산선","予讃線","Yosansen","data/lines/jr-shikoku/yosansen/line.json"
"jr-shikoku","JR 시코쿠","line-11803","요시노카와부루라인","よしの川ブルーライン","YoshinokawaburūRain","data/lines/jr-shikoku/yoshinokawabururain/line.json"
"jr-west","JR 서일본","line-11632","가코가와선","加古川線","Kakogawasen","data/lines/jr-west/kakogawasen/line.json"
"jr-west","JR 서일본","line-11628","간사이 공항선","関西空港線","KansaikūKōSen","data/lines/jr-west/kansaikukosen/line.json"
"jr-west","JR 서일본","line-11509","간사이 본선(가메야마~가모)","関西本線(亀山～加茂)","Kansaihonsen(Kameyama~Kamo)","data/lines/jr-west/kansaihonsen-kameyama-kamo/line.json"
"jr-west","JR 서일본","line-11724","간토쿠선","岩徳線","Gantokusen","data/lines/jr-west/gantokusen/line.json"
"jr-west","JR 서일본","line-11617","갓켄토시선","学研都市線","Gakkentoshisen","data/lines/jr-west/gakkentoshisen/line.json"
"jr-west","JR 서일본","line-11714","게이비선","芸備線","Geibisen","data/lines/jr-west/geibisen/line.json"
"jr-west","JR 서일본","line-11608","고베선(고베~히메지)","神戸線(神戸～姫路)","KōBesen(KōBe~Himeji)","data/lines/jr-west/kobesen-kobe-himeji/line.json"
"jr-west","JR 서일본","line-11603","고베선(오사카~고베)","神戸線(大阪～神戸)","KōBesen(ōSaka~KōBe)","data/lines/jr-west/kobesen-osaka-kobe/line.json"
"jr-west","JR 서일본","line-11602","교토선","京都線","KyōTosen","data/lines/jr-west/kyotosen/line.json"
"jr-west","JR 서일본","line-11716","구레선","呉線","Kuresen","data/lines/jr-west/kuresen/line.json"
"jr-west","JR 서일본","line-11511","구사쓰선","草津線","Kusatsusen","data/lines/jr-west/kusatsusen/line.json"
"jr-west","JR 서일본","line-11421","구즈류선","九頭竜線","KuzuryūSen","data/lines/jr-west/kuzuryusen/line.json"
"jr-west","JR 서일본","line-11639","기노쿠니선","きのくに線","Kinokunisen","data/lines/jr-west/kinokunisen/line.json"
"jr-west","JR 서일본","line-11713","기비선","吉備線","Kibisen","data/lines/jr-west/kibisen/line.json"
"jr-west","JR 서일본","line-11640","기세이 본선(와카야마~와카야마시)","紀勢本線(和歌山～和歌山市)","Kiseihonsen(Wakayama~Wakayamashi)","data/lines/jr-west/kiseihonsen-wakayama-wakayamashi/line.json"
"jr-west","JR 서일본","line-11634","기신선(사요~니미)","姫新線(佐用～新見)","Kishinsen(Sayō~NīMi)","data/lines/jr-west/kishinsen-sayo-nimi/line.json"
"jr-west","JR 서일본","line-11633","기신선(히메지~사요)","姫新線(姫路～佐用)","Kishinsen(Himeji~Sayō)","data/lines/jr-west/kishinsen-himeji-sayo/line.json"
"jr-west","JR 서일본","line-11419","나나오선","七尾線","Nanaosen","data/lines/jr-west/nanaosen/line.json"
"jr-west","JR 서일본","line-11618","나라선","奈良線","Narasen","data/lines/jr-west/narasen/line.json"
"jr-west","JR 서일본","line-11629","다카라즈카선","宝塚線","Takarazukasen","data/lines/jr-west/takarazukasen/line.json"
"jr-west","JR 서일본","line-11625","도자이선","東西線","TōZaisen","data/lines/jr-west/tozaisen/line.json"
"jr-west","JR 서일본","line-11622","마이즈루선","舞鶴線","Maizurusen","data/lines/jr-west/maizurusen/line.json"
"jr-west","JR 서일본","line-11637","만요 마호로바선","万葉まほろば線","ManyōMahorobasen","data/lines/jr-west/manyomahorobasen/line.json"
"jr-west","JR 서일본","line-11722","미네선","美祢線","Minesen","data/lines/jr-west/minesen/line.json"
"jr-west","JR 서일본","line-11635","반탄선","播但線","Bantansen","data/lines/jr-west/bantansen/line.json"
"jr-west","JR 서일본","line-11601","비와코선","琵琶湖線","Biwakosen","data/lines/jr-west/biwakosen/line.json"
"jr-west","JR 서일본","line-11614","사가노선","嵯峨野線","Saganosen","data/lines/jr-west/saganosen/line.json"
"jr-west","JR 서일본","line-11705","사카이선","境線","Sakaisen","data/lines/jr-west/sakaisen/line.json"
"jr-west","JR 서일본","line-11611","산요 본선(미하라~이와쿠니)","山陽本線(三原～岩国)","San'YōHonsen(Mihara~Iwakuni)","data/lines/jr-west/san-yohonsen-mihara-iwakuni/line.json"
"jr-west","JR 서일본","line-11610","산요 본선(오카야마~미하라)","山陽本線(岡山～三原)","San'YōHonsen(Okayama~Mihara)","data/lines/jr-west/san-yohonsen-okayama-mihara/line.json"
"jr-west","JR 서일본","line-11612","산요 본선(이와쿠니~모지)","山陽本線(岩国～門司)","San'YōHonsen(Iwakuni~Moji)","data/lines/jr-west/san-yohonsen-iwakuni-moji/line.json"
"jr-west","JR 서일본","line-11613","산요 본선(효고~와다미사키)","山陽本線(兵庫～和田岬)","San'YōHonsen(HyōGo~Wadamisaki)","data/lines/jr-west/san-yohonsen-hyogo-wadamisaki/line.json"
"jr-west","JR 서일본","line-11609","산요 본선(히메지~오카야마)","山陽本線(姫路～岡山)","San'YōHonsen(Himeji~Okayama)","data/lines/jr-west/san-yohonsen-himeji-okayama/line.json"
"jr-west","JR 서일본","shinkansen-sanyo","산요 신칸센","山陽新幹線","Sanyo Shinkansen","data/lines/jr-west/sanyo-shinkansen/line.json"
"jr-west","JR 서일본","line-11616","산인 본선(도요오카~요나고)","山陰本線(豊岡～米子)","San'Inhonsen(Toyooka~Yonago)","data/lines/jr-west/san-inhonsen-toyooka-yonago/line.json"
"jr-west","JR 서일본","line-11702","산인 본선(마스다~시모노세키)","山陰本線(益田～下関)","San'Inhonsen(Masuda~Shimonoseki)","data/lines/jr-west/san-inhonsen-masuda-shimonoseki/line.json"
"jr-west","JR 서일본","line-11615","산인 본선(소노베~도요오카)","山陰本線(園部～豊岡)","San'Inhonsen(Sonobe~Toyooka)","data/lines/jr-west/san-inhonsen-sonobe-toyooka/line.json"
"jr-west","JR 서일본","line-11701","산인 본선(요나고~마스다)","山陰本線(米子～益田)","San'Inhonsen(Yonago~Masuda)","data/lines/jr-west/san-inhonsen-yonago-masuda/line.json"
"jr-west","JR 서일본","line-11710","세토대교선","瀬戸大橋線","SetoōHashisen","data/lines/jr-west/setoohashisen/line.json"
"jr-west","JR 서일본","line-11715","쓰야마선","津山線","Tsuyamasen","data/lines/jr-west/tsuyamasen/line.json"
"jr-west","JR 서일본","line-11631","아코선","赤穂線","AkōSen","data/lines/jr-west/akosen/line.json"
"jr-west","JR 서일본","line-11708","야마구치선","山口線","Yamaguchisen","data/lines/jr-west/yamaguchisen/line.json"
"jr-west","JR 서일본","line-11607","야마토지선","大和路線","Yamatorosen","data/lines/jr-west/yamatorosen/line.json"
"jr-west","JR 서일본","line-11723","오노다선","小野田線","Onodasen","data/lines/jr-west/onodasen/line.json"
"jr-west","JR 서일본","line-11422","오바마선","小浜線","Obamasen","data/lines/jr-west/obamasen/line.json"
"jr-west","JR 서일본","line-11623","오사카 순환선","大阪環状線","ōSakakanjōSen","data/lines/jr-west/osakakanjosen/line.json"
"jr-west","JR 서일본","line-11641","오사카 히가시선","おおさか東線","ōSakahigashisen","data/lines/jr-west/osakahigashisen/line.json"
"jr-west","JR 서일본","line-11636","와카야마선","和歌山線","Wakayamasen","data/lines/jr-west/wakayamasen/line.json"
"jr-west","JR 서일본","line-11709","우노선","宇野線","Unosen","data/lines/jr-west/unosen/line.json"
"jr-west","JR 서일본","line-11721","우베선","宇部線","Ubesen","data/lines/jr-west/ubesen/line.json"
"jr-west","JR 서일본","line-11624","유메사키선","ゆめ咲線","Yumesakisen","data/lines/jr-west/yumesakisen/line.json"
"jr-west","JR 서일본","line-11704","인비선","因美線","Imbisen","data/lines/jr-west/imbisen/line.json"
"jr-west","JR 서일본","line-11417","조하나선","城端線","JōHanasen","data/lines/jr-west/johanasen/line.json"
"jr-west","JR 서일본","line-11717","카베선","可部線","Kabesen","data/lines/jr-west/kabesen/line.json"
"jr-west","JR 서일본","line-11605","코세이선","湖西線","Koseisen","data/lines/jr-west/koseisen/line.json"
"jr-west","JR 서일본","line-11706","키스키선","木次線","Kisukisen","data/lines/jr-west/kisukisen/line.json"
"jr-west","JR 서일본","line-11627","하고로모선","羽衣線","Hagoromosen","data/lines/jr-west/hagoromosen/line.json"
"jr-west","JR 서일본","line-11901","하카타미나미선","博多南線","Hakataminamisen","data/lines/jr-west/hakataminamisen/line.json"
"jr-west","JR 서일본","line-11703","하쿠비선","伯備線","Hakubisen","data/lines/jr-west/hakubisen/line.json"
"jr-west","JR 서일본","line-11626","한와선(덴노지~와카야마)","阪和線(天王寺～和歌山)","Hanwasen(TennōJi~Wakayama)","data/lines/jr-west/hanwasen-tennoji-wakayama/line.json"
"jr-west","JR 서일본","line-11415","호쿠리쿠 본선(마이바라~가나자와)","北陸本線(米原～金沢)","Hokurikuhonsen(Maibara~Kanazawa)","data/lines/jr-west/hokurikuhonsen-maibara-kanazawa/line.json"
"jr-west","JR 서일본","line-11720","후쿠엔선","福塩線","Fukuensen","data/lines/jr-west/fukuensen/line.json"
"jr-west","JR 서일본","line-11630","후쿠치야마선(사사야마구치~후쿠치야마)","福知山線(篠山口～福知山)","Fukuchiyamasen(Sasayamaguchi~Fukuchiyama)","data/lines/jr-west/fukuchiyamasen-sasayamaguchi-fukuchiyama/line.json"
"jr-west","JR 서일본","line-11418","히미선","氷見線","Himisen","data/lines/jr-west/himisen/line.json"
"kagoshimashikotsukyoku","가고시마시 교통국","line-99925","가고시마시덴 1계통","鹿児島市電１系統","Kagoshimashiden1keitō","data/lines/kagoshimashikotsukyoku/kagoshimashiden1keito/line.json"
"kagoshimashikotsukyoku","가고시마시 교통국","line-99926","가고시마시덴 2계통","鹿児島市電２系統","Kagoshimashiden2keitō","data/lines/kagoshimashikotsukyoku/kagoshimashiden2keito/line.json"
"kantotetsudo","간토 철도","line-99319","간토 철도 류가사키선","関東鉄道竜ヶ崎線","KantōTetsudōRyūGasakisen","data/lines/kantotetsudo/kantotetsudoryugasakisen/line.json"
"kantotetsudo","간토 철도","line-99318","간토 철도 조소선","関東鉄道常総線","KantōTetsudōJōSōSen","data/lines/kantotetsudo/kantotetsudojososen/line.json"
"kashimarinkaitetsudo","카시마린카이철도","line-99323","가시마 임해철도 오아라이카시마선","鹿島臨海鉄道大洗鹿島線","KashimarinkaitetsudōōAraikashimasen","data/lines/kashimarinkaitetsudo/kashimarinkaitetsudooaraikashimasen/line.json"
"keifukudenkitetsudo","케이후쿠전기철도","line-99613","게이후쿠 전철 기타노선","京福電鉄北野線","KyōFukudentetsukitanosen","data/lines/keifukudenkitetsudo/kyofukudentetsukitanosen/line.json"
"keifukudenkitetsudo","케이후쿠전기철도","line-99612","게이후쿠 전철 아라시야마 본선","京福電鉄嵐山本線","KyōFukudentetsuarashiyamahonsen","data/lines/keifukudenkitetsudo/kyofukudentetsuarashiyamahonsen/line.json"
"keihandentetsu","케이한전철","line-33004","게이한 오토선","京阪鴨東線","KeihanōTōSen","data/lines/keihandentetsu/keihanotosen/line.json"
"keihandentetsu","케이한전철","line-33005","케이한 강삭선","石清水八幡宮参道ケーブル","IwashimizuhachimangūSandōKēBuru","data/lines/keihandentetsu/iwashimizuhachimangusandokeburu/line.json"
"keihandentetsu","케이한전철","line-33008","케이한나카노시마선","京阪中之島線","Keihannakanoshimasen","data/lines/keihandentetsu/keihannakanoshimasen/line.json"
"keihandentetsu","케이한전철","line-33001","케이한본선","京阪本線","Keihanhonsen","data/lines/keihandentetsu/keihanhonsen/line.json"
"keihandentetsu","케이한전철","line-33002","케이한우지선","京阪宇治線","Keihanujisen","data/lines/keihandentetsu/keihanujisen/line.json"
"keihandentetsu","케이한전철","line-33006","케이한이시야마사카모토선","京阪石山坂本線","Keihanishiyamasakamotosen","data/lines/keihandentetsu/keihanishiyamasakamotosen/line.json"
"keihandentetsu","케이한전철","line-33003","케이한카타노선","京阪交野線","Keihankatanosen","data/lines/keihandentetsu/keihankatanosen/line.json"
"keihandentetsu","케이한전철","line-33007","케이한케이신선","京阪京津線","Keihankeishinsen","data/lines/keihandentetsu/keihankeishinsen/line.json"
"keikyu","케이큐 전철","line-27002","게이큐 공항선","京急空港線","KyōKyūKūKōSen","data/lines/keikyu/kyokyukukosen/line.json"
"keikyu","케이큐 전철","line-27005","게이큐 구리하마선","京急久里浜線","KyōKyūKurihamasen","data/lines/keikyu/kyokyukurihamasen/line.json"
"keikyu","케이큐 전철","line-27003","게이큐 다이시선","京急大師線","KyōKyūDaishisen","data/lines/keikyu/kyokyudaishisen/line.json"
"keikyu","케이큐 전철","line-27001","게이큐 본선","京急本線","Keikyu Main Line","data/lines/keikyu/keikyu-main-line/line.json"
"keikyu","케이큐 전철","line-27004","게이큐 즈시선","京急逗子線","KyōKyūZushisen","data/lines/keikyu/kyokyuzushisen/line.json"
"keio","케이오 전철","line-24004","케이오 경마장선","京王競馬場線","KeiōKeibajōSen","data/lines/keio/keiokeibajosen/line.json"
"keio","케이오 전철","line-24003","케이오 다카오선","京王高尾線","KeiōTakaosen","data/lines/keio/keiotakaosen/line.json"
"keio","케이오 전철","line-24005","케이오 동물원선","京王動物園線","KeiōDōButsuensen","data/lines/keio/keiodobutsuensen/line.json"
"keio","케이오 전철","line-24002","케이오 사가미하라선","京王相模原線","KeiōSagamiharasen","data/lines/keio/keiosagamiharasen/line.json"
"keio","케이오 전철","line-24007","케이오 신선","京王新線","KeiōShinsen","data/lines/keio/keioshinsen/line.json"
"keio","케이오 전철","line-24006","케이오 이노카시라선","京王井の頭線","KeiōInokashirasen","data/lines/keio/keioinokashirasen/line.json"
"keio","케이오 전철","line-24001","케이오선","京王線","Keio Line","data/lines/keio/keio-line/line.json"
"keisei","케이세이 전철","line-23003","게이세이 가나마치선","京成金町線","Keiseikanamachisen","data/lines/keisei/keiseikanamachisen/line.json"
"keisei","케이세이 전철","line-23001","게이세이 본선","京成本線","Keisei Main Line","data/lines/keisei/keisei-main-line/line.json"
"keisei","케이세이 전철","line-23002","게이세이 오시아게선","京成押上線","Keiseioshiagesen","data/lines/keisei/keiseioshiagesen/line.json"
"keisei","케이세이 전철","line-23005","게이세이선바루선","京成千原線","Keiseisembarusen","data/lines/keisei/keiseisembarusen/line.json"
"keisei","케이세이 전철","line-23004","게이세이치바선","京成千葉線","Keiseichibasen","data/lines/keisei/keiseichibasen/line.json"
"keisei","케이세이 전철","line-23006","나리타 공항선","成田空港線","Narita Airport Line","data/lines/keisei/naritasukaiakusesu/line.json"
"kinkinihontetsudo","긴키 일본 철도","line-31025","긴테쓰 교토선","近鉄京都線","KintetsukyōTosen","data/lines/kinkinihontetsudo/kintetsukyotosen/line.json"
"kinkinihontetsudo","긴키 일본 철도","line-31003","긴테쓰 미나미오사카선","近鉄南大阪線","KintetsuminamiōSakasen","data/lines/kinkinihontetsudo/kintetsuminamiosakasen/line.json"
"kinkinihontetsudo","긴키 일본 철도","line-31005","긴테쓰 오사카선","近鉄大阪線","KintetsuōSakasen","data/lines/kinkinihontetsudo/kintetsuosakasen/line.json"
"kinkinihontetsudo","긴키 일본 철도","line-31012","킨철도묘지선","近鉄道明寺線","KintetsudōMyōJisen","data/lines/kinkinihontetsudo/kintetsudomyojisen/line.json"
"kinkinihontetsudo","긴키 일본 철도","line-31018","킨테츠 고세선","近鉄御所線","Kintetsugosesen","data/lines/kinkinihontetsudo/kintetsugosesen/line.json"
"kinkinihontetsudo","긴키 일본 철도","line-31022","킨테츠 나가노선","近鉄長野線","Kintetsunaganosen","data/lines/kinkinihontetsudo/kintetsunaganosen/line.json"
"kinkinihontetsudo","긴키 일본 철도","line-31027","킨테츠 나고야선","近鉄名古屋線","Kintetsunagoyasen","data/lines/kinkinihontetsudo/kintetsunagoyasen/line.json"
"kinkinihontetsudo","긴키 일본 철도","line-31020","킨테츠 나라선","近鉄奈良線","Kintetsunarasen","data/lines/kinkinihontetsudo/kintetsunarasen/line.json"
"kinkinihontetsudo","긴키 일본 철도","line-31001","킨테츠 난바선","近鉄難波線","Kintetsunambasen","data/lines/kinkinihontetsudo/kintetsunambasen/line.json"
"kinkinihontetsudo","긴키 일본 철도","line-31024","킨테츠 니시시기 강삭선","西信貴ケーブル","NishishigikēBuru","data/lines/kinkinihontetsudo/nishishigikeburu/line.json"
"kinkinihontetsudo","긴키 일본 철도","line-31019","킨테츠 스즈카선","近鉄鈴鹿線","Kintetsusuzukasen","data/lines/kinkinihontetsudo/kintetsusuzukasen/line.json"
"kinkinihontetsudo","긴키 일본 철도","line-31021","킨테츠 시기선","近鉄信貴線","Kintetsushigisen","data/lines/kinkinihontetsudo/kintetsushigisen/line.json"
"kinkinihontetsudo","긴키 일본 철도","line-31015","킨테츠 시마선","近鉄志摩線","Kintetsushimasen","data/lines/kinkinihontetsudo/kintetsushimasen/line.json"
"kinkinihontetsudo","긴키 일본 철도","line-31009","킨테츠 야마다선","近鉄山田線","Kintetsuyamadasen","data/lines/kinkinihontetsudo/kintetsuyamadasen/line.json"
"kinkinihontetsudo","긴키 일본 철도","line-31007","킨테츠 요시노선","近鉄吉野線","Kintetsuyoshinosen","data/lines/kinkinihontetsudo/kintetsuyoshinosen/line.json"
"kinkinihontetsudo","긴키 일본 철도","line-31008","킨테츠 유노야마선","近鉄湯の山線","Kintetsuyunoyamasen","data/lines/kinkinihontetsudo/kintetsuyunoyamasen/line.json"
"kinkinihontetsudo","긴키 일본 철도","line-31026","킨테츠 이코마 강삭선","生駒ケーブル","IkomakēBuru","data/lines/kinkinihontetsudo/ikomakeburu/line.json"
"kinkinihontetsudo","긴키 일본 철도","line-31016","킨테츠 이코마선","近鉄生駒線","Kintetsuikomasen","data/lines/kinkinihontetsudo/kintetsuikomasen/line.json"
"kinkinihontetsudo","긴키 일본 철도","line-31002","킨테츠 카시하라선","近鉄橿原線","Kintetsukashiharasen","data/lines/kinkinihontetsudo/kintetsukashiharasen/line.json"
"kinkinihontetsudo","긴키 일본 철도","line-31023","킨테츠 케이한나선","近鉄けいはんな線","Kintetsukeihannasen","data/lines/kinkinihontetsudo/kintetsukeihannasen/line.json"
"kinkinihontetsudo","긴키 일본 철도","line-31017","킨테츠 타와라모토선","近鉄田原本線","Kintetsutawaramotosen","data/lines/kinkinihontetsudo/kintetsutawaramotosen/line.json"
"kinkinihontetsudo","긴키 일본 철도","line-31011","킨테츠 텐리선","近鉄天理線","Kintetsutenrisen","data/lines/kinkinihontetsudo/kintetsutenrisen/line.json"
"kinkinihontetsudo","긴키 일본 철도","line-31010","킨테츠 토바선","近鉄鳥羽線","Kintetsutobasen","data/lines/kinkinihontetsudo/kintetsutobasen/line.json"
"kishutetsudo","키슈철도","line-99650","키슈철도선","紀州鉄道線","KishūTetsudōSen","data/lines/kishutetsudo/kishutetsudosen/line.json"
"kitakyushukosokutetsudo","기타큐슈 고속철도","line-99908","키타큐슈 모노레일","北九州モノレール","KitakyūShūMonorēRu","data/lines/kitakyushukosokutetsudo/kitakyushumonoreru/line.json"
"kitaosakakyukodentetsu","기타오사카 급행전철","line-99614","키타오사카 급행전철","北大阪急行電鉄","KitaōSakakyūKōDentetsu","data/lines/kitaosakakyukodentetsu/kitaosakakyukodentetsu/line.json"
"kobedentetsu","고베 전철","line-99634","고엔토시선","公園都市線","KōEntoshisen","data/lines/kobedentetsu/koentoshisen/line.json"
"kobedentetsu","고베 전철","line-99633","미타선","三田線","Mitasen","data/lines/kobedentetsu/mitasen/line.json"
"kobedentetsu","고베 전철","line-99632","아리마선","有馬線","Arimasen","data/lines/kobedentetsu/arimasen/line.json"
"kobedentetsu","고베 전철","line-99635","아오선","粟生線","Aosen","data/lines/kobedentetsu/aosen/line.json"
"kobekosokutetsudo","고베 고속철도","line-99631","고베 고속 난보쿠선","神戸高速南北線","KōBekōSokunambokusen","data/lines/kobekosokutetsudo/kobekosokunambokusen/line.json"
"kobekosokutetsudo","고베 고속철도","line-99630","고베 고속 도자이선","神戸高速東西線","KōBekōSokutōZaisen","data/lines/kobekosokutetsudo/kobekosokutozaisen/line.json"
"kobeshikotsukyoku","고베시 교통국","line-99647","가이간선(유메카모메)","海岸線（夢かもめ）","Kaigan Line (Yumekamome)","data/lines/kobeshikotsukyoku/yumekamome/line.json"
"kobeshikotsukyoku","고베시 교통국","line-99645","세이신·야마테선","西神・山手線","Seishin-Yamate Line","data/lines/kobeshikotsukyoku/kobeshieichikatetsuseishinsen/line.json"
"kobeshikotsukyoku","고베시 교통국","line-99636","호쿠신선","北神線","Hokushinsen","data/lines/kobeshikotsukyoku/hokushinsen/line.json"
"kobeshinkotsu","고베 신교통","line-99649","롯코 라이너","六甲ライナー","RokkōRainā","data/lines/kobeshinkotsu/rokkoraina/line.json"
"kobeshinkotsu","고베 신교통","line-99648","포트 라이너","ポートライナー","PōTorainā","data/lines/kobeshinkotsu/potoraina/line.json"
"koe-orenjitetsudo","코에오렌지철도","line-99921","코에오렌지철도선","肥薩おれんじ鉄道線","Koe薩OrenjitetsudōSen","data/lines/koe-orenjitetsudo/koe-orenjitetsudosen/line.json"
"kominatotetsudo","코미나토철도","line-99325","코미나토철도선","小湊鉄道線","KominatotetsudōSen","data/lines/kominatotetsudo/kominatotetsudosen/line.json"
"kumagawatetsudo","쿠마가와철도","line-99920","유노마에선","湯前線","Yunomaesen","data/lines/kumagawatetsudo/yunomaesen/line.json"
"kumamotodenkitetsudo","쿠마모토전기철도","line-99917","쿠마모토전철본선","熊本電鉄本線","Kumamotodentetsuhonsen","data/lines/kumamotodenkitetsudo/kumamotodentetsuhonsen/line.json"
"kumamotodenkitetsudo","쿠마모토전기철도","line-99918","쿠마모토전철카미쿠마모토선","熊本電鉄上熊本線","Kumamotodentetsukamikumamotosen","data/lines/kumamotodenkitetsudo/kumamotodentetsukamikumamotosen/line.json"
"kumamotoshikotsukyoku","구마모토시 교통국","line-99922","구마모토시덴 A계통","熊本市電Ａ系統","KumamotoshidenＡKeitō","data/lines/kumamotoshikotsukyoku/kumamotoshidenakeito/line.json"
"kumamotoshikotsukyoku","구마모토시 교통국","line-99923","구마모토시덴 B계통","熊本市電Ｂ系統","KumamotoshidenＢKeitō","data/lines/kumamotoshikotsukyoku/kumamotoshidenbkeito/line.json"
"kurobekyokokutetsudo","구로베 협곡철도","line-99412","구로베 협곡철도 본선","黒部峡谷鉄道本線","KurobekyōKokutetsudōHonsen","data/lines/kurobekyokokutetsudo/kurobekyokokutetsudohonsen/line.json"
"kyotoshikotsukyoku","교토시 교통국","line-99610","교토 시영 지하철 가라스마선","京都市営地下鉄烏丸線","KyōToshieichikatetsukarasumasen","data/lines/kyotoshikotsukyoku/kyotoshieichikatetsukarasumasen/line.json"
"kyotoshikotsukyoku","교토시 교통국","line-99611","교토 시영 지하철 도자이선","京都市営地下鉄東西線","KyōToshieichikatetsutōZaisen","data/lines/kyotoshikotsukyoku/kyotoshieichikatetsutozaisen/line.json"
"kyototangotetsudo","교토 단고 철도","line-99653","미야마이선","宮舞線","Miyamaisen","data/lines/kyototangotetsudo/miyamaisen/line.json"
"kyototangotetsudo","교토 단고 철도","line-99609","미야유타카선","宮豊線","Miyayutakasen","data/lines/kyototangotetsudo/miyayutakasen/line.json"
"kyototangotetsudo","교토 단고 철도","line-99608","미야후쿠선","宮福線","Miyafukusen","data/lines/kyototangotetsudo/miyafukusen/line.json"
"man-yosen","만요선","line-99414","만요선","万葉線","Man'YōSen","data/lines/man-yosen/man-yosen/line.json"
"matsuuratetsudo","마츠우라철도","line-99910","니시큐슈선아리타～이마리","西九州線(有田～伊万里)","NishikyūShūSen(Arita~Imari)","data/lines/matsuuratetsudo/nishikyushusen-arita-imari/line.json"
"matsuuratetsudo","마츠우라철도","line-99911","니시큐슈선이마리～사세보","西九州線(伊万里～佐世保)","NishikyūShūSen(Imari~Sasebo)","data/lines/matsuuratetsudo/nishikyushusen-imari-sasebo/line.json"
"meichitetsudo","메이치철도","line-99524","메이치철도아케치선","明知鉄道明知線","MeichitetsudōAkechisen","data/lines/meichitetsudo/meichitetsudoakechisen/line.json"
"metropolitan-intercity-railway","수도권 신도시 철도","line-99309","츠쿠바 익스프레스","つくばエクスプレス","Tsukuba Express","data/lines/metropolitan-intercity-railway/tsukuba-express/line.json"
"michiminamiisaribitetsudo","미치미나미이사리비철도","line-99108","미치미나미이사리비철도선","道南いさりび鉄道線","MichiminamiisaribitetsudōSen","data/lines/michiminamiisaribitetsudo/michiminamiisaribitetsudosen/line.json"
"minamiasotetsudo","미나미아소철도","line-99919","타카모리선","高森線","Takamorisen","data/lines/minamiasotetsudo/takamorisen/line.json"
"mizumatetsudo","미즈마철도","line-99617","미즈마철도미즈마선","水間鉄道水間線","MizumatetsudōMizumasen","data/lines/mizumatetsudo/mizumatetsudomizumasen/line.json"
"mizushimarinkaitetsudo","미즈시마린카이철도","line-99704","미즈시마본선","水島本線","Mizushimahonsen","data/lines/mizushimarinkaitetsudo/mizushimahonsen/line.json"
"mookatetsudo","모오카철도","line-99330","모오카철도모오카선","真岡鐵道真岡線","MookatetsudōMookasen","data/lines/mookatetsudo/mookatetsudomookasen/line.json"
"naganodentetsu","나가노전철","line-99405","나가노전철나가노선","長野電鉄長野線","Naganodentetsunaganosen","data/lines/naganodentetsu/naganodentetsunaganosen/line.json"
"nagaragawatetsudo","나가라가와 철도","line-99525","나가라가와 철도 에츠미난선","長良川鉄道越美南線","NagaragawatetsudōEtsuminansen","data/lines/nagaragawatetsudo/nagaragawatetsudoetsuminansen/line.json"
"nagaretetsu","류테츠","line-99333","류테츠 나가레야마선","流鉄流山線","Nagaretetsunagareyamasen","data/lines/nagaretetsu/nagaretetsunagareyamasen/line.json"
"nagasakidenkikido","나가사키전기궤도","line-99913","나가사키 전기궤도 1호계통","長崎電軌１系統","Nagasakiden軌1keitō","data/lines/nagasakidenkikido/nagasakiden-1keito/line.json"
"nagasakidenkikido","나가사키전기궤도","line-99914","나가사키 전기궤도 3호계통","長崎電軌３系統","Nagasakiden軌3keitō","data/lines/nagasakidenkikido/nagasakiden-3keito/line.json"
"nagasakidenkikido","나가사키전기궤도","line-99915","나가사키 전기궤도 4호계통","長崎電軌４系統","Nagasakiden軌4keitō","data/lines/nagasakidenkikido/nagasakiden-4keito/line.json"
"nagasakidenkikido","나가사키전기궤도","line-99916","나가사키 전기궤도 5호계통","長崎電軌５系統","Nagasakiden軌5keitō","data/lines/nagasakidenkikido/nagasakiden-5keito/line.json"
"nagoyagaidoweibasu","나고야가이도웨이바스","line-99523","유토리토라인","ゆとりーとライン","YutoriーTorain","data/lines/nagoyagaidoweibasu/yutori-torain/line.json"
"nagoyarinkaikosokutetsudo","나고야 임해고속철도","line-99509","아오나미선","あおなみ線","Aonamisen","data/lines/nagoyarinkaikosokutetsudo/aonamisen/line.json"
"nagoyashikotsukyoku","나고야시 교통국","line-99514","나고야 시영 지하철 메이조선","名古屋市営地下鉄名城線","NagoyashieichikatetsumeijōSen","data/lines/nagoyashikotsukyoku/nagoyashieichikatetsumeijosen/line.json"
"nagoyashikotsukyoku","나고야시 교통국","line-99515","나고야 시영 지하철 메이코선","名古屋市営地下鉄名港線","NagoyashieichikatetsumeikōSen","data/lines/nagoyashikotsukyoku/nagoyashieichikatetsumeikosen/line.json"
"nagoyashikotsukyoku","나고야시 교통국","line-99517","나고야 시영 지하철 사쿠라도리선","名古屋市営地下鉄桜通線","NagoyashieichikatetsusakuradōRisen","data/lines/nagoyashikotsukyoku/nagoyashieichikatetsusakuradorisen/line.json"
"nagoyashikotsukyoku","나고야시 교통국","line-99516","나고야 시영 지하철 츠루마이선","名古屋市営地下鉄鶴舞線","Nagoyashieichikatetsutsurumaisen","data/lines/nagoyashikotsukyoku/nagoyashieichikatetsutsurumaisen/line.json"
"nagoyashikotsukyoku","나고야시 교통국","line-99518","나고야 시영 지하철 카미이이다선","名古屋市営地下鉄上飯田線","NagoyashieichikatetsukamiīDasen","data/lines/nagoyashikotsukyoku/nagoyashieichikatetsukamiidasen/line.json"
"nagoyashikotsukyoku","나고야시 교통국","line-99513","나고야 시영 지하철 히가시야마선","名古屋市営地下鉄東山線","Nagoyashieichikatetsuhigashiyamasen","data/lines/nagoyashikotsukyoku/nagoyashieichikatetsuhigashiyamasen/line.json"
"nagoyatetsudo","나고야철도","line-30009","메이테쓰 고와선","名鉄河和線","MeitetsukōWasen","data/lines/nagoyatetsudo/meitetsukowasen/line.json"
"nagoyatetsudo","나고야철도","line-30007","메이테쓰 공항선","名鉄空港線","MeitetsukūKōSen","data/lines/nagoyatetsudo/meitetsukukosen/line.json"
"nagoyatetsudo","나고야철도","line-30011","메이테쓰 칫코선","名鉄築港線","MeitetsuchikkōSen","data/lines/nagoyatetsudo/meitetsuchikkosen/line.json"
"nagoyatetsudo","나고야철도","line-30004","메이테츠 가마고리선","名鉄蒲郡線","MeitetsugamagōRisen","data/lines/nagoyatetsudo/meitetsugamagorisen/line.json"
"nagoyatetsudo","나고야철도","line-30001","메이테츠 나고야 본선","名鉄名古屋本線","Meitetsunagoyahonsen","data/lines/nagoyatetsudo/meitetsunagoyahonsen/line.json"
"nagoyatetsudo","나고야철도","line-30003","메이테츠 니시오선","名鉄西尾線","Meitetsunishiosen","data/lines/nagoyatetsudo/meitetsunishiosen/line.json"
"nagoyatetsudo","나고야철도","line-30005","메이테츠 미카와선","名鉄三河線","Meitetsumikawasen","data/lines/nagoyatetsudo/meitetsumikawasen/line.json"
"nagoyatetsudo","나고야철도","line-30014","메이테츠 비사이선","名鉄尾西線","Meitetsubisaisen","data/lines/nagoyatetsudo/meitetsubisaisen/line.json"
"nagoyatetsudo","나고야철도","line-30012","메이테츠 세토선","名鉄瀬戸線","Meitetsusetosen","data/lines/nagoyatetsudo/meitetsusetosen/line.json"
"nagoyatetsudo","나고야철도","line-30015","메이테츠 이누야마선","名鉄犬山線","Meitetsuinuyamasen","data/lines/nagoyatetsudo/meitetsuinuyamasen/line.json"
"nagoyatetsudo","나고야철도","line-30013","메이테츠 츠시마선","名鉄津島線","Meitetsutsushimasen","data/lines/nagoyatetsudo/meitetsutsushimasen/line.json"
"nagoyatetsudo","나고야철도","line-30010","메이테츠 치타 신선","名鉄知多新線","Meitetsuchitashinsen","data/lines/nagoyatetsudo/meitetsuchitashinsen/line.json"
"nagoyatetsudo","나고야철도","line-30016","메이테츠 카카미가하라선","名鉄各務原線","Meitetsukagamigaharasen","data/lines/nagoyatetsudo/meitetsukagamigaharasen/line.json"
"nagoyatetsudo","나고야철도","line-30018","메이테츠 코마키선","名鉄小牧線","Meitetsukomakisen","data/lines/nagoyatetsudo/meitetsukomakisen/line.json"
"nagoyatetsudo","나고야철도","line-30020","메이테츠 타케하나선","名鉄竹鼻線","Meitetsutakehanasen","data/lines/nagoyatetsudo/meitetsutakehanasen/line.json"
"nagoyatetsudo","나고야철도","line-30002","메이테츠 토요카와선","名鉄豊川線","Meitetsutoyokawasen","data/lines/nagoyatetsudo/meitetsutoyokawasen/line.json"
"nagoyatetsudo","나고야철도","line-30006","메이테츠 토요타선","名鉄豊田線","Meitetsutoyodasen","data/lines/nagoyatetsudo/meitetsutoyodasen/line.json"
"nagoyatetsudo","나고야철도","line-30008","메이테츠 토코나메선","名鉄常滑線","Meitetsutokonamesen","data/lines/nagoyatetsudo/meitetsutokonamesen/line.json"
"nagoyatetsudo","나고야철도","line-30021","메이테츠 하시마선","名鉄羽島線","Meitetsuhashimasen","data/lines/nagoyatetsudo/meitetsuhashimasen/line.json"
"nagoyatetsudo","나고야철도","line-30017","메이테츠 히로미선","名鉄広見線","Meitetsuhiromisen","data/lines/nagoyatetsudo/meitetsuhiromisen/line.json"
"nankaidentetsu","난카이 전기철도","line-32008","난카이 고야산 케이블","南海高野山ケーブル","NankaikōYasankēBuru","data/lines/nankaidentetsu/nankaikoyasankeburu/line.json"
"nankaidentetsu","난카이 전기철도","line-32002","난카이 공항선","南海空港線","NankaikūKōSen","data/lines/nankaidentetsu/nankaikukosen/line.json"
"nankaidentetsu","난카이 전기철도","line-32003","난카이 와카야마코선","南海和歌山港線","NankaiwakayamakōSen","data/lines/nankaidentetsu/nankaiwakayamakosen/line.json"
"nankaidentetsu","난카이 전기철도","line-32001","난카이본선","南海本線","Nankaihonsen","data/lines/nankaidentetsu/nankaihonsen/line.json"
"nankaidentetsu","난카이 전기철도","line-32009","난카이시오미바시선","南海汐見橋線","Nankaishiomibashisen","data/lines/nankaidentetsu/nankaishiomibashisen/line.json"
"nankaidentetsu","난카이 전기철도","line-32005","난카이카다선","南海加太線","Nankaikadasen","data/lines/nankaidentetsu/nankaikadasen/line.json"
"nankaidentetsu","난카이 전기철도","line-32006","난카이타나가와선","南海多奈川線","Nankaitanagawasen","data/lines/nankaidentetsu/nankaitanagawasen/line.json"
"nankaidentetsu","난카이 전기철도","line-32007","난카이타카노선","南海高野線","Nankaitakanosen","data/lines/nankaidentetsu/nankaitakanosen/line.json"
"nankaidentetsu","난카이 전기철도","line-32004","난카이타카시노하마선","南海高師浜線","Nankaitakashinohamasen","data/lines/nankaidentetsu/nankaitakashinohamasen/line.json"
"nishikigawatetsudo","니시키가와철도","line-99718","니시키가와세이류선","錦川清流線","NishikigawaseiryūSen","data/lines/nishikigawatetsudo/nishikigawaseiryusen/line.json"
"nishinihontetsudo","니시니혼철도","line-36001","니시테쓰 덴진오무타선","西鉄天神大牟田線","NishitetsutenjinōMutasen","data/lines/nishinihontetsudo/nishitetsutenjinomutasen/line.json"
"nishinihontetsudo","니시니혼철도","line-36002","니시테츠 다자이후선","西鉄太宰府線","Nishitetsudazaifusen","data/lines/nishinihontetsudo/nishitetsudazaifusen/line.json"
"nishinihontetsudo","니시니혼철도","line-36003","니시테츠 아마기선","西鉄甘木線","Nishitetsuamagisen","data/lines/nishinihontetsudo/nishitetsuamagisen/line.json"
"nishinihontetsudo","니시니혼철도","line-36004","니시테츠 카이즈카선","西鉄貝塚線","Nishitetsukaizukasen","data/lines/nishinihontetsudo/nishitetsukaizukasen/line.json"
"noiwatetsudo","노이와철도","line-99341","홋토스파·라인","ほっとスパ・ライン","Hottosupa･Rain","data/lines/noiwatetsudo/hottosupa-rain/line.json"
"nosedentetsu","노세전철","line-99640","노세전철닛세이선","能勢電鉄日生線","Nosedentetsunisseisen","data/lines/nosedentetsu/nosedentetsunisseisen/line.json"
"nosedentetsu","노세전철","line-99615","노세전철묘켄선","能勢電鉄妙見線","NosedentetsumyōKensen","data/lines/nosedentetsu/nosedentetsumyokensen/line.json"
"nototetsudo","노토철도","line-99418","노토철도나나오선","のと鉄道七尾線","NototetsudōNanaosen","data/lines/nototetsudo/nototetsudonanaosen/line.json"
"odakyu","오다큐 전철","line-25001","오다와라선","小田急線","Odawara Line","data/lines/odakyu/odawara-line/line.json"
"odakyu","오다큐 전철","line-25003","오다큐 다마선","小田急多摩線","OdakyūTamasen","data/lines/odakyu/odakyutamasen/line.json"
"odakyu","오다큐 전철","line-25002","오다큐 에노시마선","小田急江ノ島線","OdakyūEnoshimasen","data/lines/odakyu/odakyuenoshimasen/line.json"
"oigawatetsudo","오이가와 철도","line-99508","미나미아루푸스아푸토라인","南アルプスあぷとライン","Minamiarupusuaputorain","data/lines/oigawatetsudo/minamiarupusuaputorain/line.json"
"oigawatetsudo","오이가와 철도","line-99507","오이가와 철도 오이가와 본선","大井川鐵道大井川本線","ōIgawatetsudōōIgawahonsen","data/lines/oigawatetsudo/oigawatetsudooigawahonsen/line.json"
"okayamadenkikido","오카야마전기궤도","line-99707","세이키바시선","清輝橋線","Seikibashisen","data/lines/okayamadenkikido/seikibashisen/line.json"
"okayamadenkikido","오카야마전기궤도","line-99706","히가시야마선","東山線","Higashiyamasen","data/lines/okayamadenkikido/higashiyamasen/line.json"
"okinawatoshimonoreru","오키나와 도시 모노레일","line-99927","유이레루","ゆいレール","YuirēRu","data/lines/okinawatoshimonoreru/yuireru/line.json"
"omitetsudo","오미철도","line-99601","오미철도본선","近江鉄道本線","ōMitetsudōHonsen","data/lines/omitetsudo/omitetsudohonsen/line.json"
"omitetsudo","오미철도","line-99603","오미철도요카이치선","近江鉄道八日市線","ōMitetsudōYōKaichisen","data/lines/omitetsudo/omitetsudoyokaichisen/line.json"
"omitetsudo","오미철도","line-99602","오미철도타가선","近江鉄道多賀線","ōMitetsudōTagasen","data/lines/omitetsudo/omitetsudotagasen/line.json"
"osaka-metro","오사카메트로","line-99624","나가호리쓰루미료쿠치선","長堀鶴見緑地線","Nagahori Tsurumi-ryokuchi Line","data/lines/osaka-metro/nagahori-tsurumi-ryokuchi-line/line.json"
"osaka-metro","오사카메트로","line-99625","뉴트램","南港ポートタウン線","New Tram","data/lines/osaka-metro/new-tram/line.json"
"osaka-metro","오사카메트로","line-99619","다니마치선","谷町線","Tanimachi Line","data/lines/osaka-metro/tanimachi-line/line.json"
"osaka-metro","오사카메트로","line-99618","미도스지선","御堂筋線","Midosuji Line","data/lines/osaka-metro/midosuji/line.json"
"osaka-metro","오사카메트로","line-99623","사카이스지선","堺筋線","Sakaisuji Line","data/lines/osaka-metro/sakaisuji-line/line.json"
"osaka-metro","오사카메트로","line-99622","센니치마에선","千日前線","Sennichimae Line","data/lines/osaka-metro/sennichimae-line/line.json"
"osaka-metro","오사카메트로","line-99620","요쓰바시선","四つ橋線","Yotsubashi Line","data/lines/osaka-metro/yotsubashi-line/line.json"
"osaka-metro","오사카메트로","line-99652","이마자토스지선","今里筋線","Imazatosuji Line","data/lines/osaka-metro/imazatosuji-line/line.json"
"osaka-metro","오사카메트로","line-99621","주오선","中央線","Chuo Line","data/lines/osaka-metro/chuo-line/line.json"
"osakafutoshikaihatsu","오사카부 도시개발","line-99616","센보쿠 고속철도선","泉北高速鉄道線","SempokukōSokutetsudōSen","data/lines/osakafutoshikaihatsu/sempokukosokutetsudosen/line.json"
"osakamonoreru","오사카 모노레일","line-99627","오사카 모노레일 사이토선","大阪モノレール彩都線","ōSakamonorēRuirodoritosen","data/lines/osakamonoreru/osakamonoreruirodoritosen/line.json"
"osakamonoreru","오사카 모노레일","line-99626","오사카 모노레일선","大阪モノレール線","ōSakamonorēRusen","data/lines/osakamonoreru/osakamonorerusen/line.json"
"saganokankotetsudo","사가노 관광철도","line-99605","사가노 관광선","嵯峨野観光線","SaganokankōSen","data/lines/saganokankotetsudo/saganokankosen/line.json"
"saitama-railway","사이타마 고속철도","line-99307","사이타마 고속철도선","埼玉高速鉄道線","SaitamakōSokutetsudōSen","data/lines/saitama-railway/saitamakosokutetsudosen/line.json"
"saitamashintoshikotsu","사이타마 신도시교통","line-99321","뉴샤토루","ニューシャトル","NyūShatoru","data/lines/saitamashintoshikotsu/nyushatoru/line.json"
"san-tetsudo","산철도","line-99528","산철도산기선","三岐鉄道三岐線","San岐TetsudōSangisen","data/lines/san-tetsudo/san-tetsudosangisen/line.json"
"san-tetsudo","산철도","line-99529","산철도호쿠세이선","三岐鉄道北勢線","San岐TetsudōHokuseisen","data/lines/san-tetsudo/san-tetsudohokuseisen/line.json"
"san-yodenkitetsudo","산요전기철도","line-99637","산요전철본선","山陽電鉄本線","San'YōDentetsuhonsen","data/lines/san-yodenkitetsudo/san-yodentetsuhonsen/line.json"
"san-yodenkitetsudo","산요전기철도","line-99638","산요전철아보시선","山陽電鉄網干線","San'YōDentetsuaboshisen","data/lines/san-yodenkitetsudo/san-yodentetsuaboshisen/line.json"
"sanrikutetsudo","산리쿠철도","line-99208","산리쿠철도리아스선","三陸鉄道リアス線","SanrikutetsudōRiasusen","data/lines/sanrikutetsudo/sanrikutetsudoriasusen/line.json"
"sapporoshikotsukyoku","삿포로시 교통국","line-99102","삿포로 시영 지하철 난보쿠선","札幌市営地下鉄南北線","Sapporoshieichikatetsunambokusen","data/lines/sapporoshikotsukyoku/sapporoshieichikatetsunambokusen/line.json"
"sapporoshikotsukyoku","삿포로시 교통국","line-99101","삿포로 시영 지하철 도자이선","札幌市営地下鉄東西線","SapporoshieichikatetsutōZaisen","data/lines/sapporoshikotsukyoku/sapporoshieichikatetsutozaisen/line.json"
"sapporoshikotsukyoku","삿포로시 교통국","line-99103","삿포로 시영 지하철 도호선","札幌市営地下鉄東豊線","SapporoshieichikatetsutōHōSen","data/lines/sapporoshikotsukyoku/sapporoshieichikatetsutohosen/line.json"
"sapporoshikotsukyoku","삿포로시 교통국","line-99104","삿포로시덴야마하나선","札幌市電山鼻線","Sapporoshidenyamahanasen","data/lines/sapporoshikotsukyoku/sapporoshidenyamahanasen/line.json"
"seibu","세이부 철도","line-22006","레오라이너","レオライナー","Reorainā","data/lines/seibu/reoraina/line.json"
"seibu","세이부 철도","line-22010","세이부 고쿠분지선","西武国分寺線","Seibukokubunjisen","data/lines/seibu/seibukokubunjisen/line.json"
"seibu","세이부 철도","line-22012","세이부 다마가와선","西武多摩川線","Seibutamagawasen","data/lines/seibu/seibutamagawasen/line.json"
"seibu","세이부 철도","line-22011","세이부 다마코선","西武多摩湖線","Seibutamakosen","data/lines/seibu/seibutamakosen/line.json"
"seibu","세이부 철도","line-22004","세이부 도시마선","西武豊島線","Seibutoshimasen","data/lines/seibu/seibutoshimasen/line.json"
"seibu","세이부 철도","line-22009","세이부 세이부엔선","西武西武園線","Seibuseibuensen","data/lines/seibu/seibuseibuensen/line.json"
"seibu","세이부 철도","line-22007","세이부 신주쿠선","西武新宿線","Seibushinjukusen","data/lines/seibu/seibushinjukusen/line.json"
"seibu","세이부 철도","line-22003","세이부 유라쿠초선","西武有楽町線","SeibuyūRakuchōSen","data/lines/seibu/seibuyurakuchosen/line.json"
"seibu","세이부 철도","line-22008","세이부 하이지마선","西武拝島線","Seibuhaijimasen","data/lines/seibu/seibuhaijimasen/line.json"
"seibu","세이부 철도","line-22005","세이부사야마선","西武狭山線","Seibusayamasen","data/lines/seibu/seibusayamasen/line.json"
"seibu","세이부 철도","line-22002","세이부치치부선","西武秩父線","Seibuchichibusen","data/lines/seibu/seibuchichibusen/line.json"
"seibu","세이부 철도","line-22001","이케부쿠로선","西武池袋線","Ikebukuro Line","data/lines/seibu/ikebukuro-line/line.json"
"sendaikukotetsudo","센다이 공항철도","line-99217","센다이 공항선","仙台空港線","SendaikūKōSen","data/lines/sendaikukotetsudo/sendaikukosen/line.json"
"sendaishikotsukyoku","센다이시 교통국","line-99214","센다이 시영 지하철 난보쿠선","仙台市営地下鉄南北線","Sendaishieichikatetsunambokusen","data/lines/sendaishikotsukyoku/sendaishieichikatetsunambokusen/line.json"
"sendaishikotsukyoku","센다이시 교통국","line-99218","센다이 시영 지하철 도자이선","仙台市営地下鉄東西線","SendaishieichikatetsutōZaisen","data/lines/sendaishikotsukyoku/sendaishieichikatetsutozaisen/line.json"
"shibayamatetsudo","시바야마철도","line-99324","시바야마철도선","芝山鉄道線","ShibayamatetsudōSen","data/lines/shibayamatetsudo/shibayamatetsudosen/line.json"
"shigarakitakaharatetsudo","시가라키타카하라철도","line-99604","시가라키타카하라철도시가라키선","信楽高原鐵道信楽線","ShigarakitakaharatetsudōShigarakisen","data/lines/shigarakitakaharatetsudo/shigarakitakaharatetsudoshigarakisen/line.json"
"shimabaratetsudo","시마바라철도","line-99912","시마바라철도선","島原鉄道線","ShimabaratetsudōSen","data/lines/shimabaratetsudo/shimabaratetsudosen/line.json"
"shinanotetsudo","시나노철도","line-99403","시나노철도선","しなの鉄道線","ShinanotetsudōSen","data/lines/shinanotetsudo/shinanotetsudosen/line.json"
"shinanotetsudo","시나노철도","line-99427","키타시나노선","北しなの線","Kitashinanosen","data/lines/shinanotetsudo/kitashinanosen/line.json"
"shinkeiseidentetsu","신케이세이전철","line-99329","신게이세이선","新京成線","Shinkeiseisen","data/lines/shinkeiseidentetsu/shinkeiseisen/line.json"
"shizuokatetsudo","시즈오카철도","line-99504","시즈오카철도시즈오카시미즈선","静岡鉄道静岡清水線","ShizuokatetsudōShizuokashimizusen","data/lines/shizuokatetsudo/shizuokatetsudoshizuokashimizusen/line.json"
"shonanmonoreru","쇼난 모노레일","line-99326","쇼난 모노레일","湘南モノレール","ShōNanmonorēRu","data/lines/shonanmonoreru/shonanmonoreru/line.json"
"sotetsu","사가미 철도","line-29001","소테츠 본선","相鉄本線","Sotetsu Main Line","data/lines/sotetsu/sotetsu-main-line/line.json"
"sotetsu","사가미 철도","line-29003","소테츠 신요코하마선","相鉄新横浜線","Sotetsu Shin-yokohama Line","data/lines/sotetsu/sotetsu-shin-yokohama-line/line.json"
"sotetsu","사가미 철도","line-29002","소테츠 이즈미노선","相鉄いずみ野線","Sotetsu Izumino Line","data/lines/sotetsu/sotetsu-izumino-line/line.json"
"sukairerusabisu","스카이레루사비스","line-99708","스카이레루미도리자카선","スカイレールみどり坂線","SukairēRumidorizakasen","data/lines/sukairerusabisu/sukairerumidorizakasen/line.json"
"takamatsukotohiradenkitetsudo","타카마츠코토히라전기철도","line-99804","코토덴시도선","琴電志度線","Kotodenshidosen","data/lines/takamatsukotohiradenkitetsudo/kotodenshidosen/line.json"
"takamatsukotohiradenkitetsudo","타카마츠코토히라전기철도","line-99803","킨덴나가오선","琴電長尾線","Kindennagaosen","data/lines/takamatsukotohiradenkitetsudo/kindennagaosen/line.json"
"takamatsukotohiradenkitetsudo","타카마츠코토히라전기철도","line-99802","킨덴코토히라선","琴電琴平線","Kindenkotohirasen","data/lines/takamatsukotohiradenkitetsudo/kindenkotohirasen/line.json"
"takeminamitetsudo","타케미나미철도","line-99503","가쿠난철도선","岳南鉄道線","GakunantetsudōSen","data/lines/takeminamitetsudo/gakunantetsudosen/line.json"
"tama-monorail","다마 도시 모노레일","line-99334","다마 모노레일","多摩モノレール","Tama Monorail","data/lines/tama-monorail/tama-monorail/line.json"
"tarumitetsudo","타루미철도","line-99526","타루미철도타루미선","樽見鉄道樽見線","TarumitetsudōTarumisen","data/lines/tarumitetsudo/tarumitetsudotarumisen/line.json"
"tenryuhamanakotetsudo","텐류하마나코철도","line-99505","텐류하마나코선","天竜浜名湖線","TenryūHamanakosen","data/lines/tenryuhamanakotetsudo/tenryuhamanakosen/line.json"
"tobu","도부 철도","line-21005","도부 가메이도선","東武亀戸線","TōBukameidosen","data/lines/tobu/tobukameidosen/line.json"
"tobu","도부 철도","line-21003","도부 닛코선","東武日光線","TōBunikkōSen","data/lines/tobu/tobunikkosen/line.json"
"tobu","도부 철도","line-21006","도부 다이시선","東武大師線","TōBudaishisen","data/lines/tobu/tobudaishisen/line.json"
"tobu","도부 철도","line-21002","도부 이세사키선","東武伊勢崎線","TōBuisesakisen","data/lines/tobu/tobuisesakisen/line.json"
"tobu","도부 철도","line-21004","도부노다선","東武野田線","TōBunodasen","data/lines/tobu/tobunodasen/line.json"
"tobu","도부 철도","line-21010","도부사노선","東武佐野線","TōBusanosen","data/lines/tobu/tobusanosen/line.json"
"tobu","도부 철도","line-21007","도부오고세선","東武越生線","TōBuogosesen","data/lines/tobu/tobuogosesen/line.json"
"tobu","도부 철도","line-21008","도부우츠노미야선","東武宇都宮線","TōBuutsunomiyasen","data/lines/tobu/tobuutsunomiyasen/line.json"
"tobu","도부 철도","line-21012","도부코이즈미선","東武小泉線","TōBukoizumisen","data/lines/tobu/tobukoizumisen/line.json"
"tobu","도부 철도","line-21009","도부키누가와선","東武鬼怒川線","TōBukinugawasen","data/lines/tobu/tobukinugawasen/line.json"
"tobu","도부 철도","line-21011","도부키류선","東武桐生線","TōBukiryūSen","data/lines/tobu/tobukiryusen/line.json"
"tobu","도부 철도","line-21001","도조선","東武東上線","Tojo Line","data/lines/tobu/tojo-line/line.json"
"toei","도쿄도 교통국","line-99342","닛포리·토네리 라이너","日暮里・舎人ライナー","Nippori-Toneri Liner","data/lines/toei/nippori-toneri-liner/line.json"
"toei","도쿄도 교통국","line-99305","도쿄 사쿠라 트램","都電荒川線","Tokyo Sakura Tram","data/lines/toei/tokyo-sakura-tram/line.json"
"toei","도쿄도 교통국","line-99303","미타선","三田線","Mita Line","data/lines/toei/mita-line/line.json"
"toei","도쿄도 교통국","line-99304","신주쿠선","新宿線","Shinjuku Line","data/lines/toei/shinjuku-line/line.json"
"toei","도쿄도 교통국","line-99302","아사쿠사선","浅草線","Asakusa Line","data/lines/toei/asakusa-line/line.json"
"toei","도쿄도 교통국","line-99301","오에도선","大江戸線","Oedo Line","data/lines/toei/oedo-line/line.json"
"tokaikotsujigyo","도카이 교통사업","line-99510","도카이 교통사업 조호쿠선","東海交通事業城北線","TōKaikōTsūJigyōJōHokusen","data/lines/tokaikotsujigyo/tokaikotsujigyojohokusen/line.json"
"tokyo-metro","도쿄메트로","line-28001","긴자선","銀座線","Ginza Line","data/lines/tokyo-metro/ginza/line.json"
"tokyo-metro","도쿄메트로","line-28009","난보쿠선","南北線","Namboku Line","data/lines/tokyo-metro/namboku-line/line.json"
"tokyo-metro","도쿄메트로","line-28004","도자이선","東西線","Tozai Line","data/lines/tokyo-metro/tozai-line/line.json"
"tokyo-metro","도쿄메트로","line-28002","마루노우치선","丸ノ内線","Marunouchi Line","data/lines/tokyo-metro/marunouchi-line/line.json"
"tokyo-metro","도쿄메트로","line-28002-honancho-branch","마루노우치선 호난초 지선","丸ノ内線分岐線","Marunouchi Line Honancho Branch","data/lines/tokyo-metro/marunouchi-honancho-branch/line.json"
"tokyo-metro","도쿄메트로","line-28006","유라쿠초선","有楽町線","Yurakucho Line","data/lines/tokyo-metro/yurakucho-line/line.json"
"tokyo-metro","도쿄메트로","line-28005","치요다선","千代田線","Chiyoda Line","data/lines/tokyo-metro/chiyoda-line/line.json"
"tokyo-metro","도쿄메트로","line-28008","한조몬선","半蔵門線","Hanzomon Line","data/lines/tokyo-metro/hanzomon-line/line.json"
"tokyo-metro","도쿄메트로","line-28010","후쿠토신선","副都心線","Fukutoshin Line","data/lines/tokyo-metro/fukutoshin-line/line.json"
"tokyo-metro","도쿄메트로","line-28003","히비야선","日比谷線","Hibiya Line","data/lines/tokyo-metro/hibiya-line/line.json"
"tokyo-monorail","도쿄 모노레일","line-99336","도쿄 모노레일 하네다 공항선","東京モノレール","Tokyo Monorail Haneda Airport Line","data/lines/tokyo-monorail/tokyo-monorail-haneda-airport-line/line.json"
"tokyo-waterfront-area-rapid-transit","도쿄 임해고속철도","line-99337","린카이선","りんかい線","Rinkai Line","data/lines/tokyo-waterfront-area-rapid-transit/rinkai-line/line.json"
"tokyu","도큐 전철","line-26003","덴엔토시선","東急田園都市線","Den-en-toshi Line","data/lines/tokyu/den-en-toshi-line/line.json"
"tokyu","도큐 전철","line-26001","도요코선","東急東横線","Toyoko Line","data/lines/tokyu/toyoko-line/line.json"
"tokyu","도큐 전철","line-26006","도큐 다마가와선","東急多摩川線","TōKyūTamagawasen","data/lines/tokyu/tokyutamagawasen/line.json"
"tokyu","도큐 전철","line-26002","도큐 메구로선","東急目黒線","TōKyūMegurosen","data/lines/tokyu/tokyumegurosen/line.json"
"tokyu","도큐 전철","line-26007","도큐 세타가야선","東急世田谷線","TōKyūSetagayasen","data/lines/tokyu/tokyusetagayasen/line.json"
"tokyu","도큐 전철","line-26009","도큐 신요코하마선","東急新横浜線","Tokyu Shin-yokohama Line","data/lines/tokyu/tokyu-shin-yokohama-line/line.json"
"tokyu","도큐 전철","line-26004","도큐 오이마치선","東急大井町線","TōKyūōImachisen","data/lines/tokyu/tokyuoimachisen/line.json"
"tokyu","도큐 전철","line-26005","도큐 이케가미선","東急池上線","TōKyūIkegamisen","data/lines/tokyu/tokyuikegamisen/line.json"
"tokyu","도큐 전철","line-26008","도큐코도모노쿠니선","東急こどもの国線","TōKyūKodomonokunisen","data/lines/tokyu/tokyukodomonokunisen/line.json"
"tosadenkitetsudo","토사전기철도","line-99817","고멘선","ごめん線","Gomensen","data/lines/tosadenkitetsudo/gomensen/line.json"
"tosadenkitetsudo","토사전기철도","line-99819","산바시선","桟橋線","Sambashisen","data/lines/tosadenkitetsudo/sambashisen/line.json"
"tosadenkitetsudo","토사전기철도","line-99818","이노선","伊野線","Inosen","data/lines/tosadenkitetsudo/inosen/line.json"
"tosakuroshiotetsudo","토사쿠로시오철도","line-99816","고멘·나하리선","ごめん・なはり線","Gomen･Naharisen","data/lines/tosakuroshiotetsudo/gomen-naharisen/line.json"
"tosakuroshiotetsudo","토사쿠로시오철도","line-99814","나카무라선","中村線","Nakamurasen","data/lines/tosakuroshiotetsudo/nakamurasen/line.json"
"tosakuroshiotetsudo","토사쿠로시오철도","line-99815","스쿠모선","宿毛線","Sukumosen","data/lines/tosakuroshiotetsudo/sukumosen/line.json"
"toyamachihotetsudo","토야마치호철도","line-99422","도야마 지방철도 도야마 도심선 3계통(순환선)","富山地鉄富山都心線【３系統(環状線)】","Toyamachitetsutoyamatoshinsen【3keitō(KanjōSen)】","data/lines/toyamachihotetsudo/toyamachitetsutoyamatoshinsen-3keito-kanjosen/line.json"
"toyamachihotetsudo","토야마치호철도","line-99413","도야마 지방철도 시내선 1·2계통","富山地鉄市内線【１・２系統】","Toyamachitetsushinaisen【1･2keitō】","data/lines/toyamachihotetsudo/toyamachitetsushinaisen-1-2keito/line.json"
"toyamachihotetsudo","토야마치호철도","line-99415","도야마코선","富山港線","ToyamakōSen","data/lines/toyamachihotetsudo/toyamakosen/line.json"
"toyamachihotetsudo","토야마치호철도","line-99408","토야마 지방철도 본선","富山地鉄本線","Toyamachitetsuhonsen","data/lines/toyamachihotetsudo/toyamachitetsuhonsen/line.json"
"toyamachihotetsudo","토야마치호철도","line-99409","토야마 지방철도 타테야마선","富山地鉄立山線","Toyamachitetsutateyamasen","data/lines/toyamachihotetsudo/toyamachitetsutateyamasen/line.json"
"toyamachihotetsudo","토야마치호철도","line-99410","토야마 지방철도 후지코시·카미다키선","富山地鉄不二越・上滝線","Toyamachitetsufujikoshi･Kamidakisen","data/lines/toyamachihotetsudo/toyamachitetsufujikoshi-kamidakisen/line.json"
"toyohashitetsudo","토요하시철도","line-99521","토요하시철도아즈마다본선","豊橋鉄道東田本線","ToyohashitetsudōAzumadahonsen","data/lines/toyohashitetsudo/toyohashitetsudoazumadahonsen/line.json"
"toyohashitetsudo","토요하시철도","line-99520","토요하시철도아츠미선","豊橋鉄道渥美線","ToyohashitetsudōAtsumisen","data/lines/toyohashitetsudo/toyohashitetsudoatsumisen/line.json"
"tsugarutetsudo","츠가루철도","line-99201","츠가루철도선","津軽鉄道線","TsugarutetsudōSen","data/lines/tsugarutetsudo/tsugarutetsudosen/line.json"
"uedakotsu","우에다 교통","line-99404","우에다전철벳쇼선","上田電鉄別所線","Uedadentetsubesshosen","data/lines/uedakotsu/uedadentetsubesshosen/line.json"
"uekedenkitetsudo","우에케전기철도","line-99328","조모 전기철도 조모선","上毛電気鉄道上毛線","UekedenkitetsudōJōMōSen","data/lines/uekedenkitetsudo/uekedenkitetsudojomosen/line.json"
"ueshindentetsu","우에신전철","line-99327","우에신전철","上信電鉄","Ueshindentetsu","data/lines/ueshindentetsu/ueshindentetsu/line.json"
"wakasatetsudo","와카사철도","line-99701","와카사선","若桜線","Wakasasen","data/lines/wakasatetsudo/wakasasen/line.json"
"wakayamadentetsu","와카야마전철","line-99651","키시가와선","貴志川線","Kishigawasen","data/lines/wakayamadentetsu/kishigawasen/line.json"
"watarasekeikokutetsudo","와타라세케이코쿠철도","line-99312","와타라세케이코쿠선","わたらせ渓谷線","Watarasekeikokusen","data/lines/watarasekeikokutetsudo/watarasekeikokusen/line.json"
"yamagatatetsudo","야마가타철도","line-99211","후라와나가이선","フラワー長井線","FurawāNagaisen","data/lines/yamagatatetsudo/furawanagaisen/line.json"
"yamaman","야마만","line-99313","유카리가오카선","ユーカリが丘線","YūKarigaokasen","data/lines/yamaman/yukarigaokasen/line.json"
"yokkaichiasunarotetsudo","욧카이치아스나로철도","line-31013","나이부선","内部線","Naibusen","data/lines/yokkaichiasunarotetsudo/naibusen/line.json"
"yokkaichiasunarotetsudo","욧카이치아스나로철도","line-31014","하치오지선","八王子線","HachiōJisen","data/lines/yokkaichiasunarotetsudo/hachiojisen/line.json"
"yokohama-minatomirai-railway","요코하마 고속철도","line-99310","미나토미라이선","みなとみらい線","Minatomirai Line","data/lines/yokohama-minatomirai-railway/minatomirai-line/line.json"
"yokohama-municipal-subway","요코하마 시영 지하철","line-99343","그린 라인","グリーンライン","Green Line","data/lines/yokohama-municipal-subway/green-line/line.json"
"yokohama-municipal-subway","요코하마 시영 지하철","line-99316","블루 라인","ブルーライン","Blue Line","data/lines/yokohama-municipal-subway/blue-line/line.json"
"yokohama-seaside-line","요코하마 시사이드 라인","line-99317","가나자와 시사이드 라인","金沢シーサイドライン","Kanazawa Seaside Line","data/lines/yokohama-seaside-line/kanazawa-seaside-line/line.json"
"yorotetsudo","요로철도","line-99532","요로철도요로선","養老鉄道養老線","YōRōTetsudōYōRōSen","data/lines/yorotetsudo/yorotetsudoyorosen/line.json"
"yurikamome","유리카모메","line-99311","유리카모메","ゆりかもめ","Yurikamome","data/lines/yurikamome/yurikamome/line.json"
"yurikogentetsudo","유리 고원철도","line-99210","초카이산로쿠선","鳥海山ろく線","ChōKaisanrokusen","data/lines/yurikogentetsudo/chokaisanrokusen/line.json"
