"운영사ID","한국어명","일본어명","영어명","데이터경로"
"kagoshimashikotsukyoku","가고시마시 교통국","鹿児島市交通局","KagoshimashikōTsūKyoku","data/operators/kagoshimashikotsukyoku/operator.json"
"kantotetsudo","간토 철도","関東鉄道","KantōTetsudō","data/operators/kantotetsudo/operator.json"
"kobekosokutetsudo","고베 고속철도","神戸高速鉄道","KōBekōSokutetsudō","data/operators/kobekosokutetsudo/operator.json"
"kobeshinkotsu","고베 신교통","神戸新交通","KōBeshinkōTsū","data/operators/kobeshinkotsu/operator.json"
"kobedentetsu","고베 전철","神戸電鉄","KōBedentetsu","data/operators/kobedentetsu/operator.json"
"kobeshikotsukyoku","고베시 교통국","神戸市交通局","KōBeshikōTsūKyoku","data/operators/kobeshikotsukyoku/operator.json"
"kyototangotetsudo","교토 단고 철도","京都丹後鉄道","KyōTotangotetsudō","data/operators/kyototangotetsudo/operator.json"
"kyotoshikotsukyoku","교토시 교통국","京都市交通局","KyōToshikōTsūKyoku","data/operators/kyotoshikotsukyoku/operator.json"
"kurobekyokokutetsudo","구로베 협곡철도","黒部峡谷鉄道","KurobekyōKokutetsudō","data/operators/kurobekyokokutetsudo/operator.json"
"kumamotoshikotsukyoku","구마모토시 교통국","熊本市交通局","KumamotoshikōTsūKyoku","data/operators/kumamotoshikotsukyoku/operator.json"
"kitaosakakyukodentetsu","기타오사카 급행전철","北大阪急行電鉄","KitaōSakakyūKōDentetsu","data/operators/kitaosakakyukodentetsu/operator.json"
"kitakyushukosokutetsudo","기타큐슈 고속철도","北九州高速鉄道","KitakyūShūKōSokutetsudō","data/operators/kitakyushukosokutetsudo/operator.json"
"kinkinihontetsudo","긴키 일본 철도","近畿日本鉄道","Kinkinihontetsudō","data/operators/kinkinihontetsudo/operator.json"
"naganodentetsu","나가노전철","長野電鉄","Naganodentetsu","data/operators/naganodentetsu/operator.json"
"nagaragawatetsudo","나가라가와 철도","長良川鉄道","Nagaragawatetsudō","data/operators/nagaragawatetsudo/operator.json"
"nagasakidenkikido","나가사키전기궤도","長崎電気軌道","Nagasakidenkikidō","data/operators/nagasakidenkikido/operator.json"
"nagoyarinkaikosokutetsudo","나고야 임해고속철도","名古屋臨海高速鉄道","NagoyarinkaikōSokutetsudō","data/operators/nagoyarinkaikosokutetsudo/operator.json"
"nagoyagaidoweibasu","나고야가이도웨이바스","名古屋ガイドウェイバス","Nagoyagaidoweibasu","data/operators/nagoyagaidoweibasu/operator.json"
"nagoyashikotsukyoku","나고야시 교통국","名古屋市交通局","NagoyashikōTsūKyoku","data/operators/nagoyashikotsukyoku/operator.json"
"nagoyatetsudo","나고야철도","名古屋鉄道","Nagoyatetsudō","data/operators/nagoyatetsudo/operator.json"
"nankaidentetsu","난카이 전기철도","南海電鉄","Nankaidentetsu","data/operators/nankaidentetsu/operator.json"
"nosedentetsu","노세전철","能勢電鉄","Nosedentetsu","data/operators/nosedentetsu/operator.json"
"noiwatetsudo","노이와철도","野岩鉄道","Noiwatetsudō","data/operators/noiwatetsudo/operator.json"
"nototetsudo","노토철도","のと鉄道","Nototetsudō","data/operators/nototetsudo/operator.json"
"nishinihontetsudo","니시니혼철도","西日本鉄道","Nishinihontetsudō","data/operators/nishinihontetsudo/operator.json"
"nishikigawatetsudo","니시키가와철도","錦川鉄道","Nishikigawatetsudō","data/operators/nishikigawatetsudo/operator.json"
"tama-monorail","다마 도시 모노레일","多摩都市モノレール","Tama Monorail","data/operators/tama-monorail/operator.json"
"tobu","도부 철도","東武鉄道","Tobu","data/operators/tobu/operator.json"
"higashihakosokutetsudo","도요 고속철도","東葉高速鉄道","HigashihakōSokutetsudō","data/operators/higashihakosokutetsudo/operator.json"
"tokaikotsujigyo","도카이 교통사업","東海交通事業","TōKaikōTsūJigyō","data/operators/tokaikotsujigyo/operator.json"
"tokyo-monorail","도쿄 모노레일","東京モノレール","Tokyo Monorail","data/operators/tokyo-monorail/operator.json"
"tokyo-waterfront-area-rapid-transit","도쿄 임해고속철도","東京臨海高速鉄道","Tokyo Waterfront Area Rapid Transit","data/operators/tokyo-waterfront-area-rapid-transit/operator.json"
"toei","도쿄도 교통국","東京都交通局","Toei Transportation","data/operators/toei/operator.json"
"tokyo-metro","도쿄메트로","東京メトロ","Tokyo Metro","data/operators/tokyo-metro/operator.json"
"tokyu","도큐 전철","東急電鉄","Tokyu","data/operators/tokyu/operator.json"
"nagaretetsu","류테츠","流鉄","Nagaretetsu","data/operators/nagaretetsu/operator.json"
"matsuuratetsudo","마츠우라철도","松浦鉄道","Matsuuratetsudō","data/operators/matsuuratetsudo/operator.json"
"man-yosen","만요선","万葉線","Man'YōSen","data/operators/man-yosen/operator.json"
"meichitetsudo","메이치철도","明知鉄道","Meichitetsudō","data/operators/meichitetsudo/operator.json"
"mookatetsudo","모오카철도","真岡鐵道","Mookatetsudō","data/operators/mookatetsudo/operator.json"
"minamiasotetsudo","미나미아소철도","南阿蘇鉄道","Minamiasotetsudō","data/operators/minamiasotetsudo/operator.json"
"mizumatetsudo","미즈마철도","水間鉄道","Mizumatetsudō","data/operators/mizumatetsudo/operator.json"
"mizushimarinkaitetsudo","미즈시마린카이철도","水島臨海鉄道","Mizushimarinkaitetsudō","data/operators/mizushimarinkaitetsudo/operator.json"
"michiminamiisaribitetsudo","미치미나미이사리비철도","道南いさりび鉄道","Michiminamiisaribitetsudō","data/operators/michiminamiisaribitetsudo/operator.json"
"bansakaidenkikido","한카이 전기궤도","阪堺電気軌道","Bansakaidenkikidō","data/operators/bansakaidenkikido/operator.json"
"saganokankotetsudo","사가노 관광철도","嵯峨野観光鉄道","SaganokankōTetsudō","data/operators/saganokankotetsudo/operator.json"
"sotetsu","사가미 철도","相模鉄道","Sotetsu","data/operators/sotetsu/operator.json"
"saitama-railway","사이타마 고속철도","埼玉高速鉄道","Saitama Railway","data/operators/saitama-railway/operator.json"
"saitamashintoshikotsu","사이타마 신도시교통","埼玉新都市交通","SaitamashintoshikōTsū","data/operators/saitamashintoshikotsu/operator.json"
"sanrikutetsudo","산리쿠철도","三陸鉄道","Sanrikutetsudō","data/operators/sanrikutetsudo/operator.json"
"sanyodenkitetsudo","산요 전기철도","山陽電気鉄道","Sanyo Electric Railway","data/operators/sanyodenkitetsudo/operator.json"
"san-yodenkitetsudo","산요전기철도","山陽電気鉄道","San'YōDenkitetsudō","data/operators/san-yodenkitetsudo/operator.json"
"san-tetsudo","산철도","三岐鉄道","San岐Tetsudō","data/operators/san-tetsudo/operator.json"
"sapporoshikotsukyoku","삿포로시 교통국","札幌市交通局","SapporoshikōTsūKyoku","data/operators/sapporoshikotsukyoku/operator.json"
"seibu","세이부 철도","西武鉄道","Seibu","data/operators/seibu/operator.json"
"sendaikukotetsudo","센다이 공항철도","仙台空港鉄道","SendaikūKōTetsudō","data/operators/sendaikukotetsudo/operator.json"
"sendaishikotsukyoku","센다이시 교통국","仙台市交通局","SendaishikōTsūKyoku","data/operators/sendaishikotsukyoku/operator.json"
"shonanmonoreru","쇼난 모노레일","湘南モノレール","ShōNanmonorēRu","data/operators/shonanmonoreru/operator.json"
"metropolitan-intercity-railway","수도권 신도시 철도","首都圏新都市鉄道","Metropolitan Intercity Railway","data/operators/metropolitan-intercity-railway/operator.json"
"sukairerusabisu","스카이레루사비스","スカイレールサービス","SukairēRusāBisu","data/operators/sukairerusabisu/operator.json"
"shigarakitakaharatetsudo","시가라키타카하라철도","信楽高原鐵道","Shigarakitakaharatetsudō","data/operators/shigarakitakaharatetsudo/operator.json"
"shinanotetsudo","시나노철도","しなの鉄道","Shinanotetsudō","data/operators/shinanotetsudo/operator.json"
"shimabaratetsudo","시마바라철도","島原鉄道","Shimabaratetsudō","data/operators/shimabaratetsudo/operator.json"
"shibayamatetsudo","시바야마철도","芝山鉄道","Shibayamatetsudō","data/operators/shibayamatetsudo/operator.json"
"shizuokatetsudo","시즈오카철도","静岡鉄道","Shizuokatetsudō","data/operators/shizuokatetsudo/operator.json"
"shinkeiseidentetsu","신케이세이전철","新京成電鉄","Shinkeiseidentetsu","data/operators/shinkeiseidentetsu/operator.json"
"amagitetsudo","아마기 철도","甘木鉄道","Amagitetsudō","data/operators/amagitetsudo/operator.json"
"abukumakyuko","아부쿠마 급행","阿武隈急行","AbukumakyūKō","data/operators/abukumakyuko/operator.json"
"asakaigantetsudo","아사 해안철도","阿佐海岸鉄道","Asakaigantetsudō","data/operators/asakaigantetsudo/operator.json"
"aoimoritetsudo","아오이모리 철도","青い森鉄道","Aoimoritetsudō","data/operators/aoimoritetsudo/operator.json"
"ainokazetoyamatetsudo","아이노카제 도야마 철도","あいの風とやま鉄道","Ainokazetoyamatetsudō","data/operators/ainokazetoyamatetsudo/operator.json"
"aizutetsudo","아이즈 철도","会津鉄道","Aizutetsudō","data/operators/aizutetsudo/operator.json"
"aichikosokukotsu","아이치 고속교통","愛知高速交通","AichikōSokukōTsū","data/operators/aichikosokukotsu/operator.json"
"aichikanjotetsudo","아이치 환상철도","愛知環状鉄道","AichikanjōTetsudō","data/operators/aichikanjotetsudo/operator.json"
"akitanairikujukantetsudo","아키타내륙종관철도","秋田内陸縦貫鉄道","AkitanairikujūKantetsudō","data/operators/akitanairikujukantetsudo/operator.json"
"arupikokotsu","알피코 교통","アルピコ交通","ArupikokōTsū","data/operators/arupikokotsu/operator.json"
"yamagatatetsudo","야마가타철도","山形鉄道","Yamagatatetsudō","data/operators/yamagatatetsudo/operator.json"
"yamaman","야마만","山万","Yamaman","data/operators/yamaman/operator.json"
"enoshimadentetsu","에노시마전철","江ノ島電鉄","Enoshimadentetsu","data/operators/enoshimadentetsu/operator.json"
"eizandentetsu","에이잔전철","叡山電鉄","Eizandentetsu","data/operators/eizandentetsu/operator.json"
"echigotokimekitetsudo","에치고토키메키철도","えちごトキめき鉄道","Echigotokimekitetsudō","data/operators/echigotokimekitetsudo/operator.json"
"echizentetsudo","에치젠철도","えちぜん鉄道","Echizentetsudō","data/operators/echizentetsudo/operator.json"
"enshutetsudo","엔슈철도","遠州鉄道","EnshūTetsudō","data/operators/enshutetsudo/operator.json"
"odakyu","오다큐 전철","小田急電鉄","Odakyu","data/operators/odakyu/operator.json"
"omitetsudo","오미철도","近江鉄道","ōMitetsudō","data/operators/omitetsudo/operator.json"
"osakamonoreru","오사카 모노레일","大阪モノレール株式会社","ōSakamonorēRu","data/operators/osakamonoreru/operator.json"
"osaka-metro","오사카메트로","Osaka Metro","Osaka Metro","data/operators/osaka-metro/operator.json"
"osakafutoshikaihatsu","오사카부 도시개발","大阪府都市開発","ōSakafutoshikaihatsu","data/operators/osakafutoshikaihatsu/operator.json"
"oigawatetsudo","오이가와 철도","大井川鐵道","ōIgawatetsudō","data/operators/oigawatetsudo/operator.json"
"okayamadenkikido","오카야마전기궤도","岡山電気軌道","Okayamadenkikidō","data/operators/okayamadenkikido/operator.json"
"okinawatoshimonoreru","오키나와 도시 모노레일","沖縄都市モノレール","OkinawatoshimonorēRu","data/operators/okinawatoshimonoreru/operator.json"
"wakasatetsudo","와카사철도","若桜鉄道","Wakasatetsudō","data/operators/wakasatetsudo/operator.json"
"wakayamadentetsu","와카야마전철","和歌山電鐵","Wakayamadentetsu","data/operators/wakayamadentetsu/operator.json"
"watarasekeikokutetsudo","와타라세케이코쿠철도","わたらせ渓谷鐵道","Watarasekeikokutetsudō","data/operators/watarasekeikokutetsudo/operator.json"
"yorotetsudo","요로철도","養老鉄道","YōRōTetsudō","data/operators/yorotetsudo/operator.json"
"yokohama-minatomirai-railway","요코하마 고속철도","横浜高速鉄道","Yokohama Minatomirai Railway","data/operators/yokohama-minatomirai-railway/operator.json"
"yokohama-seaside-line","요코하마 시사이드 라인","株式会社横浜シーサイドライン","Yokohama Seaside Line","data/operators/yokohama-seaside-line/operator.json"
"yokohama-municipal-subway","요코하마 시영 지하철","横浜市交通局","Yokohama Municipal Subway","data/operators/yokohama-municipal-subway/operator.json"
"yokkaichiasunarotetsudo","욧카이치아스나로철도","四日市あすなろう鉄道","YokkaichiasunarōTetsudō","data/operators/yokkaichiasunarotetsudo/operator.json"
"uedakotsu","우에다 교통","上田交通","UedakōTsū","data/operators/uedakotsu/operator.json"
"ueshindentetsu","우에신전철","上信電鉄","Ueshindentetsu","data/operators/ueshindentetsu/operator.json"
"uekedenkitetsudo","우에케전기철도","上毛電気鉄道","Uekedenkitetsudō","data/operators/uekedenkitetsudo/operator.json"
"yurikogentetsudo","유리 고원철도","由利高原鉄道","YurikōGentetsudō","data/operators/yurikogentetsudo/operator.json"
"yurikamome","유리카모메","ゆりかもめ","Yurikamome","data/operators/yurikamome/operator.json"
"igatetsudo","이가철도","伊賀鉄道","Igatetsudō","data/operators/igatetsudo/operator.json"
"isetetsudo","이세철도","伊勢鉄道","Isetetsudō","data/operators/isetetsudo/operator.json"
"isumitetsudo","이스미철도","いすみ鉄道","Isumitetsudō","data/operators/isumitetsudo/operator.json"
"iyotetsudo","이요철도","伊予鉄道","Iyotetsudō","data/operators/iyotetsudo/operator.json"
"izukyuko","이즈 급행","伊豆急行","IzukyūKō","data/operators/izukyuko/operator.json"
"izuhakonetetsudo","이즈하코네철도","伊豆箱根鉄道","Izuhakonetetsudō","data/operators/izuhakonetetsudo/operator.json"
"ichihatadensha","이치하타덴샤","一畑電車","Ichihatadensha","data/operators/ichihatadensha/operator.json"
"iharatetsudo","이하라철도","井原鉄道","Iharatetsudō","data/operators/iharatetsudo/operator.json"
"choshidenkitetsudo","초시전기철도","銚子電気鉄道","ChōShidenkitetsudō","data/operators/choshidenkitetsudo/operator.json"
"tsugarutetsudo","츠가루철도","津軽鉄道","Tsugarutetsudō","data/operators/tsugarutetsudo/operator.json"
"chibatoshimonoreru","치바 도시 모노레일","千葉都市モノレール","ChibatoshimonorēRu","data/operators/chibatoshimonoreru/operator.json"
"chizukyuko","치즈 급행","智頭急行","ChizukyūKō","data/operators/chizukyuko/operator.json"
"chichibutetsudo","치치부철도","秩父鉄道","Chichibutetsudō","data/operators/chichibutetsudo/operator.json"
"chikuhodenkitetsudo","치쿠호전기철도","筑豊電気鉄道","ChikuhōDenkitetsudō","data/operators/chikuhodenkitetsudo/operator.json"
"kashimarinkaitetsudo","카시마린카이철도","鹿島臨海鉄道","Kashimarinkaitetsudō","data/operators/kashimarinkaitetsudo/operator.json"
"keisei","케이세이 전철","京成電鉄","Keisei","data/operators/keisei/operator.json"
"keio","케이오 전철","京王電鉄","Keio","data/operators/keio/operator.json"
"keikyu","케이큐 전철","京急電鉄","Keikyu","data/operators/keikyu/operator.json"
"keihandentetsu","케이한전철","京阪電鉄","Keihandentetsu","data/operators/keihandentetsu/operator.json"
"keifukudenkitetsudo","케이후쿠전기철도","京福電気鉄道","Keifukudenkitetsudō","data/operators/keifukudenkitetsudo/operator.json"
"kominatotetsudo","코미나토철도","小湊鐵道","Kominatotetsudō","data/operators/kominatotetsudo/operator.json"
"koe-orenjitetsudo","코에오렌지철도","肥薩おれんじ鉄道","Koe薩Orenjitetsudō","data/operators/koe-orenjitetsudo/operator.json"
"kumagawatetsudo","쿠마가와철도","くま川鉄道","Kumagawatetsudō","data/operators/kumagawatetsudo/operator.json"
"kumamotodenkitetsudo","쿠마모토전기철도","熊本電気鉄道","Kumamotodenkitetsudō","data/operators/kumamotodenkitetsudo/operator.json"
"kishutetsudo","키슈철도","紀州鉄道","KishūTetsudō","data/operators/kishutetsudo/operator.json"
"tarumitetsudo","타루미철도","樽見鉄道","Tarumitetsudō","data/operators/tarumitetsudo/operator.json"
"takamatsukotohiradenkitetsudo","타카마츠코토히라전기철도","高松琴平電気鉄道","Takamatsukotohiradenkitetsudō","data/operators/takamatsukotohiradenkitetsudo/operator.json"
"takeminamitetsudo","타케미나미철도","岳南鉄道","Takeminamitetsudō","data/operators/takeminamitetsudo/operator.json"
"tenryuhamanakotetsudo","텐류하마나코철도","天竜浜名湖鉄道","TenryūHamanakotetsudō","data/operators/tenryuhamanakotetsudo/operator.json"
"tosadenkitetsudo","토사전기철도","土佐電気鉄道","Tosadenkitetsudō","data/operators/tosadenkitetsudo/operator.json"
"tosakuroshiotetsudo","토사쿠로시오철도","土佐くろしお鉄道","Tosakuroshiotetsudō","data/operators/tosakuroshiotetsudo/operator.json"
"toyamachihotetsudo","토야마치호철도","富山地方鉄道","ToyamachihōTetsudō","data/operators/toyamachihotetsudo/operator.json"
"toyohashitetsudo","토요하시철도","豊橋鉄道","Toyohashitetsudō","data/operators/toyohashitetsudo/operator.json"
"hakonetozantetsudo","하코네토잔철도","箱根登山鉄道","Hakonetozantetsudō","data/operators/hakonetozantetsudo/operator.json"
"hakodateshikotsukyoku","하코다테시 교통국","函館市交通局","HakodateshikōTsūKyoku","data/operators/hakodateshikotsukyoku/operator.json"
"hanshindentetsu","한신 전기철도","阪神電鉄","Hanshindentetsu","data/operators/hanshindentetsu/operator.json"
"hankyudentetsu","한큐 전철","阪急電鉄","HankyūDentetsu","data/operators/hankyudentetsu/operator.json"
"heiseichikuhotetsudo","헤이세이치쿠호철도","平成筑豊鉄道","HeiseichikuhōTetsudō","data/operators/heiseichikuhotetsudo/operator.json"
"hojotetsudo","호조 철도","北条鉄道","HōJōTetsudō","data/operators/hojotetsudo/operator.json"
"hokurikutetsudo","호쿠리쿠철도","北陸鉄道","Hokurikutetsudō","data/operators/hokurikutetsudo/operator.json"
"hokuso-railway","호쿠소 철도","北総鉄道","Hokuso Railway","data/operators/hokuso-railway/operator.json"
"hokuetsukyuko","호쿠에쓰 급행","北越急行","HokuetsukyūKō","data/operators/hokuetsukyuko/operator.json"
"fujikyuko","후지 급행","富士急行","FujikyūKō","data/operators/fujikyuko/operator.json"
"fukushimakotsu","후쿠시마 교통","福島交通","FukushimakōTsū","data/operators/fukushimakotsu/operator.json"
"fukuokashikotsukyoku","후쿠오카시 교통국","福岡市交通局","FukuokashikōTsūKyoku","data/operators/fukuokashikotsukyoku/operator.json"
"fukuitetsudo","후쿠이철도","福井鉄道","Fukuitetsudō","data/operators/fukuitetsudo/operator.json"
"hirominamitetsudo","히로미나미철도","弘南鉄道","Hirominamitetsudō","data/operators/hirominamitetsudo/operator.json"
"hiroshimakosokukotsu","히로시마 고속교통","広島高速交通","HiroshimakōSokukōTsū","data/operators/hiroshimakosokukotsu/operator.json"
"hiroshimadentetsu","히로시마전철","広島電鉄","Hiroshimadentetsu","data/operators/hiroshimadentetsu/operator.json"
"hitachinakakaihintetsudo","히타치나카카이힌철도","ひたちなか海浜鉄道","Hitachinakakaihintetsudō","data/operators/hitachinakakaihintetsudo/operator.json"
"igryuwategingatetsudo","igr이와테긴가철도","IGRいわて銀河鉄道","IGRyuwategingatetsudō","data/operators/igryuwategingatetsudo/operator.json"
"irishikawatetsudo","ir이시카와철도","IRいしかわ鉄道","IRishikawatetsudō","data/operators/irishikawatetsudo/operator.json"
"jr-central","JR 도카이","JR東海","JR Central","data/operators/jr-central/operator.json"
"jr-east","JR 동일본","JR東日本","JR East","data/operators/jr-east/operator.json"
"jr-west","JR 서일본","JR西日本","JR West","data/operators/jr-west/operator.json"
"jr-shikoku","JR 시코쿠","JR四国","JRshikoku","data/operators/jr-shikoku/operator.json"
"jr-kyushu","JR 큐슈","JR九州","JR Kyushu","data/operators/jr-kyushu/operator.json"
"jr-hokkaido","JR 홋카이도","JR北海道","JR Hokkaido","data/operators/jr-hokkaido/operator.json"
